transition_type,direction,from_leg_id,to_leg_id,target_leg_id,entry_time,entry_price,stop_price,stop_leg_id,target_time,target_price,units,risk_eur,reward_eur,lvn_price_center,lvn_price_min,lvn_price_max,time_delta_minutes
HL_to_HH,long,14,15,21,2024-12-02 00:55:00,68.42,68.3,14,2024-12-02 01:18:00,68.52,833.3333333333018,100.0,83.33333333332544,68.44160000000001,68.4248,68.45840000000001,12.0
HL_to_HH,long,20,21,23,2024-12-02 01:33:00,68.48,68.3,20,2024-12-02 01:54:00,68.7,555.5555555555345,100.0,122.22222222221696,68.44160000000001,68.4248,68.45840000000001,43.0
HL_to_HH,long,22,23,27,2024-12-02 02:06:00,68.52,68.47,22,2024-12-02 02:39:00,68.62,2000.0000000001137,100.0,200.00000000002842,68.50880000000001,68.492,68.52560000000001,22.0
HL_to_HH,long,26,27,31,2024-12-02 02:40:00,68.59,68.54,26,2024-12-02 03:31:00,68.75,2000.0000000001137,100.0,320.00000000001137,68.6096,68.5928,68.6264,19.0
HL_to_HH,long,34,35,39,2024-12-02 04:05:00,68.7,68.53,34,2024-12-02 04:36:00,68.65,588.2352941176412,100.0,-29.411764705880387,68.7104,68.6936,68.72720000000001,9.0
HL_to_HH,long,38,39,43,2024-12-02 04:37:00,68.59,68.58,38,2024-12-02 04:46:00,68.67,9999.999999994885,100.0,799.9999999995738,68.6096,68.5928,68.6264,3.0
HL_to_HH,long,42,43,45,2024-12-02 04:47:00,68.61,68.57,42,2024-12-02 04:51:00,68.7,2499.9999999996094,100.0,224.99999999997337,68.6096,68.5928,68.6264,3.0
HL_to_HH,long,44,45,47,2024-12-02 04:56:00,68.68,68.6,44,2024-12-02 05:07:00,68.78,1249.9999999998047,100.0,124.99999999997337,68.6096,68.5928,68.6264,4.0
HL_to_HH,long,46,47,51,2024-12-02 05:10:00,68.67,68.63,46,2024-12-02 05:55:00,68.68,2499.9999999996094,100.0,25.000000000008882,68.7104,68.6936,68.72720000000001,12.0
HL_to_HH,long,52,53,55,2024-12-02 06:05:00,68.71,68.62,52,2024-12-02 06:25:00,68.72,1111.1111111112446,100.0,11.111111111118129,68.7104,68.6936,68.72720000000001,7.0
HL_to_HH,long,54,55,57,2024-12-02 06:26:00,68.68,68.62,54,2024-12-02 06:59:00,68.85,1666.6666666666035,100.0,283.33333333330177,68.7104,68.6936,68.72720000000001,15.0
HL_to_HH,long,58,59,63,2024-12-02 07:21:00,68.9,68.78,58,2024-12-02 08:07:00,68.91,833.3333333333018,100.0,8.333333333325438,68.912,68.8952,68.92880000000001,13.0
HL_to_HH,long,64,65,67,2024-12-02 08:38:00,68.98,68.75,64,2024-12-02 08:51:00,69.09,434.7826086956446,100.0,47.82608695652066,68.9792,68.9624,68.99600000000001,22.0
HL_to_HH,long,66,67,77,2024-12-02 08:52:00,69.06,68.92,66,2024-12-02 10:30:00,68.75,714.2857142857114,100.0,-221.42857142857216,69.08,69.0632,69.0968,12.0
HL_to_HH,long,92,93,99,2024-12-02 13:04:00,68.0,67.94,92,2024-12-02 14:02:00,68.0,1666.6666666666035,100.0,0.0,67.97120000000001,67.9544,67.98800000000001,5.0
HL_to_HH,long,98,99,101,2024-12-02 14:04:00,67.98,67.93,98,2024-12-02 14:28:00,68.12,2000.0000000001137,100.0,280.00000000001705,67.9376,67.9208,67.9544,2.0
HL_to_HH,long,102,103,105,2024-12-02 14:39:00,68.13,68.04,102,2024-12-02 16:32:00,68.18,1111.1111111112446,100.0,55.55555555557486,68.1392,68.1224,68.156,9.0
HL_to_HH,long,106,107,113,2024-12-02 20:30:00,68.15,68.1,106,2024-12-02 23:34:00,68.21,1999.9999999995453,100.0,119.99999999994884,68.1392,68.1224,68.156,97.0
HL_to_HH,long,118,119,121,2024-12-03 02:17:00,68.31,68.3,118,2024-12-03 03:07:00,68.56,9999.999999994885,100.0,2499.9999999987213,68.30720000000001,68.2904,68.32400000000001,7.0
HL_to_HH,long,124,125,127,2024-12-03 04:32:00,68.9,68.72,124,2024-12-03 04:58:00,68.93,555.5555555555345,100.0,16.666666666666668,68.8784,68.8616,68.8952,22.0
HL_to_HH,long,126,127,131,2024-12-03 04:59:00,68.9,68.78,126,2024-12-03 05:40:00,68.87,833.3333333333018,100.0,-25.0,68.912,68.8952,68.92880000000001,21.0
HL_to_HH,long,130,131,135,2024-12-03 05:41:00,68.87,68.76,130,2024-12-03 06:34:00,68.93,909.0909090909138,100.0,54.54545454545689,68.8784,68.8616,68.8952,9.0
HL_to_HH,long,136,137,139,2024-12-03 06:50:00,68.88,68.81,136,2024-12-03 07:23:00,69.03,1428.5714285715678,100.0,214.2857142857433,68.912,68.8952,68.92880000000001,12.0
HL_to_HH,long,138,139,141,2024-12-03 07:26:00,68.98,68.84,138,2024-12-03 07:42:00,69.25,714.2857142857114,100.0,192.85714285713922,68.9792,68.9624,68.99600000000001,32.0
HL_to_HH,long,140,141,143,2024-12-03 07:45:00,69.18,68.93,140,2024-12-03 07:56:00,69.31,400.0,100.0,51.99999999999818,69.1472,69.1304,69.164,14.0
HL_to_HH,long,144,145,149,2024-12-03 08:18:00,69.25,69.23,144,2024-12-03 08:46:00,69.3,5000.000000000995,100.0,250.00000000003553,69.248,69.2312,69.26480000000001,12.0
HL_to_HH,long,150,151,161,2024-12-03 08:56:00,69.26,69.22,150,2024-12-03 10:21:00,69.49,2499.9999999996094,100.0,574.9999999998846,69.248,69.2312,69.26480000000001,4.0
HL_to_HH,long,162,163,165,2024-12-03 10:41:00,69.57,69.33,162,2024-12-03 10:44:00,69.64,416.66666666667555,100.0,29.166666666670366,69.55040000000001,69.5336,69.56720000000001,14.0
HL_to_HH,long,164,165,167,2024-12-03 10:45:00,69.61,69.57,164,2024-12-03 11:04:00,69.75,2499.9999999996094,100.0,349.99999999994674,69.61760000000001,69.6008,69.63440000000001,3.0
HL_to_HH,long,174,175,181,2024-12-03 12:41:00,70.08,69.97,174,2024-12-03 13:35:00,69.98,909.0909090909138,100.0,-90.90909090908622,70.08800000000001,70.0712,70.10480000000001,45.0
HL_to_HH,long,180,181,183,2024-12-03 13:36:00,69.89,69.86,180,2024-12-03 13:50:00,70.11,3333.333333333207,100.0,733.3333333333018,69.92,69.9032,69.9368,6.0
HL_to_HH,long,184,185,189,2024-12-03 14:12:00,70.1,70.04,184,2024-12-03 18:45:00,70.06,1666.6666666669983,100.0,-66.66666666666667,70.08800000000001,70.0712,70.10480000000001,7.0
HL_to_HH,long,192,193,197,2024-12-03 22:30:00,69.92,69.9,192,2024-12-04 01:51:00,70.18,5000.000000000995,100.0,1300.0000000002842,69.92,69.9032,69.9368,33.0
HL_to_HH,long,198,199,205,2024-12-04 02:17:00,70.15,70.1,198,2024-12-04 04:01:00,70.08,1999.9999999995453,100.0,-139.99999999998295,70.1216,70.1048,70.1384,15.0
HL_to_HH,long,212,213,221,2024-12-04 05:35:00,70.39,70.31,212,2024-12-04 08:21:00,70.15,1250.0000000000266,100.0,-300.0,70.4576,70.4408,70.4744,10.0
HL_to_HH,long,220,221,223,2024-12-04 08:23:00,70.08,70.0,220,2024-12-04 09:05:00,70.33,1250.0000000000266,100.0,312.50000000000665,70.08800000000001,70.0712,70.10480000000001,9.0
HL_to_HH,long,226,227,237,2024-12-04 09:31:00,70.32,70.15,226,2024-12-04 10:54:00,69.92,588.2352941176904,100.0,-235.29411764707115,70.28960000000001,70.2728,70.30640000000001,12.0
HL_to_HH,long,242,243,247,2024-12-04 11:48:00,69.57,69.48,242,2024-12-04 12:53:00,69.52,1111.1111111112446,100.0,-55.55555555555907,69.55040000000001,69.5336,69.56720000000001,8.0
HL_to_HH,long,258,259,261,2024-12-04 14:23:00,68.74,68.57,258,2024-12-04 15:21:00,68.94,588.2352941176412,100.0,117.6470588235299,68.7104,68.6936,68.72720000000001,27.0
HL_to_HH,long,264,265,271,2024-12-04 20:02:00,68.72,68.66,264,2024-12-04 21:24:00,68.68,1666.6666666666035,100.0,-66.66666666665088,68.7104,68.6936,68.72720000000001,97.0
HL_to_HH,long,270,271,275,2024-12-04 21:28:00,68.62,68.59,270,2024-12-05 02:02:00,68.67,3333.333333333207,100.0,166.66666666665088,68.6096,68.5928,68.6264,10.0
HL_to_HH,long,286,287,293,2024-12-05 04:47:00,68.96,68.66,286,2024-12-05 05:40:00,68.95,333.3333333333365,100.0,-3.333333333330333,68.9792,68.9624,68.99600000000001,14.0
HL_to_HH,long,292,293,295,2024-12-05 05:41:00,68.92,68.77,292,2024-12-05 06:34:00,69.05,666.6666666666414,100.0,86.66666666666035,68.912,68.8952,68.92880000000001,6.0
HL_to_HH,long,306,307,309,2024-12-05 07:29:00,68.69,68.55,306,2024-12-05 07:30:00,68.75,714.2857142857114,100.0,42.857142857144304,68.7104,68.6936,68.72720000000001,3.0
HL_to_HH,long,314,315,321,2024-12-05 08:58:00,69.09,68.5,314,2024-12-05 09:34:00,68.96,169.49152542372784,100.0,-22.033898305086257,69.08,69.0632,69.0968,34.0
HL_to_HH,long,320,321,323,2024-12-05 09:35:00,68.9,68.82,320,2024-12-05 09:38:00,68.99,1249.9999999998047,100.0,112.49999999996892,68.912,68.8952,68.92880000000001,7.0
HL_to_HH,long,322,323,325,2024-12-05 09:39:00,68.92,68.87,322,2024-12-05 09:58:00,69.1,2000.0000000001137,100.0,360.0000000000057,68.9792,68.9624,68.99600000000001,2.0
HL_to_HH,long,338,339,347,2024-12-05 12:00:00,68.53,68.47,338,2024-12-05 13:10:00,68.35,1666.6666666666035,100.0,-300.0,68.50880000000001,68.492,68.52560000000001,5.0
HL_to_HH,long,348,349,353,2024-12-05 14:06:00,68.43,68.28,348,2024-12-05 14:48:00,68.6,666.6666666666414,100.0,113.3333333333207,68.44160000000001,68.4248,68.45840000000001,30.0
HL_to_HH,long,354,355,359,2024-12-05 15:14:00,68.6,68.52,354,2024-12-05 16:22:00,68.51,1250.0000000000266,100.0,-112.49999999998889,68.6096,68.5928,68.6264,14.0
HL_to_HH,long,364,365,369,2024-12-05 19:04:00,68.45,68.38,364,2024-12-06 00:04:00,68.35,1428.5714285712777,100.0,-142.85714285713996,68.44160000000001,68.4248,68.45840000000001,30.0
HL_to_HH,long,368,369,371,2024-12-06 00:06:00,68.32,68.25,368,2024-12-06 01:21:00,68.39,1428.5714285715678,100.0,100.00000000002031,68.30720000000001,68.2904,68.32400000000001,25.0
HL_to_HH,long,370,371,379,2024-12-06 01:37:00,68.31,68.25,370,2024-12-06 04:09:00,68.21,1666.6666666666035,100.0,-166.66666666667456,68.30720000000001,68.2904,68.32400000000001,47.0
HL_to_HH,long,390,391,393,2024-12-06 06:41:00,67.71,67.59,390,2024-12-06 07:29:00,67.81,833.3333333334004,100.0,83.33333333334716,67.70240000000001,67.68560000000001,67.71920000000001,16.0
HL_to_HH,long,394,395,399,2024-12-06 07:44:00,67.79,67.73,394,2024-12-06 08:29:00,67.71,1666.6666666666035,100.0,-133.33333333334912,67.76960000000001,67.75280000000001,67.78640000000001,9.0
HL_to_HH,long,398,399,403,2024-12-06 08:30:00,67.68,67.64,398,2024-12-06 08:39:00,67.7,2499.9999999996094,100.0,49.999999999982236,67.70240000000001,67.68560000000001,67.71920000000001,1.0
HL_to_HH,long,402,403,407,2024-12-06 08:40:00,67.68,67.62,402,2024-12-06 08:55:00,67.65,1666.6666666666035,100.0,-50.0,67.6688,67.652,67.68560000000001,1.0
HL_to_HH,long,406,407,409,2024-12-06 08:57:00,67.57,67.52,406,2024-12-06 09:10:00,67.71,2000.0000000001137,100.0,280.00000000001705,67.5344,67.5176,67.55120000000001,1.0
HL_to_HH,long,428,429,433,2024-12-06 12:25:00,67.46,67.42,428,2024-12-06 13:56:00,67.65,2500.0000000004975,100.0,475.0000000001244,67.50080000000001,67.48400000000001,67.51760000000002,14.0
HL_to_HH,long,456,457,459,2024-12-09 00:31:00,67.6,67.45,456,2024-12-09 02:00:00,67.62,666.6666666667046,100.0,13.333333333340914,67.5344,67.5176,67.55120000000001,43.0
HL_to_HH,long,458,459,461,2024-12-09 02:01:00,67.59,67.56,458,2024-12-09 03:00:00,67.95,3333.333333333207,100.0,1199.9999999999527,67.56800000000001,67.55120000000001,67.58480000000002,70.0
HL_to_HH,long,472,473,475,2024-12-09 04:29:00,67.99,67.97,472,2024-12-09 04:35:00,68.05,5000.000000000995,100.0,300.00000000007105,67.97120000000001,67.9544,67.98800000000001,6.0
HL_to_HH,long,474,475,477,2024-12-09 04:36:00,68.03,67.98,474,2024-12-09 04:44:00,68.04,2000.0000000001137,100.0,20.00000000001137,68.0048,67.988,68.0216,6.0
HL_to_HH,long,494,495,497,2024-12-09 08:22:00,68.17,68.05,494,2024-12-09 08:54:00,68.37,833.3333333333018,100.0,166.66666666666273,68.1392,68.1224,68.156,10.0
HL_to_HH,long,498,499,505,2024-12-09 09:21:00,68.25,68.19,498,2024-12-09 10:16:00,68.71,1666.6666666666035,100.0,766.6666666666272,68.24000000000001,68.2232,68.25680000000001,6.0
HL_to_HH,long,508,509,513,2024-12-09 10:44:00,68.88,68.78,508,2024-12-09 11:29:00,68.77,1000.0000000000568,100.0,-110.00000000000568,68.8784,68.8616,68.8952,4.0
HL_to_HH,long,512,513,515,2024-12-09 11:30:00,68.65,68.57,512,2024-12-09 11:45:00,68.78,1249.9999999998047,100.0,162.49999999996894,68.7104,68.6936,68.72720000000001,7.0
HL_to_HH,long,520,521,533,2024-12-09 13:09:00,68.6,68.51,520,2024-12-09 20:21:00,68.36,1111.1111111112446,100.0,-266.666666666693,68.6096,68.5928,68.6264,15.0
HL_to_HH,long,532,533,543,2024-12-09 21:02:00,68.17,68.11,532,2024-12-10 02:09:00,68.06,1666.6666666666035,100.0,-183.33333333332544,68.1392,68.1224,68.156,110.0
HL_to_HH,long,542,543,545,2024-12-10 02:19:00,68.03,67.99,542,2024-12-10 03:24:00,68.32,2499.9999999996094,100.0,724.9999999998669,68.0048,67.988,68.0216,19.0
HL_to_HH,long,546,547,549,2024-12-10 03:47:00,68.26,68.15,546,2024-12-10 04:01:00,68.39,909.0909090909138,100.0,118.18181818181466,68.24000000000001,68.2232,68.25680000000001,13.0
HL_to_HH,long,548,549,563,2024-12-10 04:07:00,68.28,68.2,548,2024-12-10 07:10:00,68.18,1250.0000000000266,100.0,-124.99999999999555,68.24000000000001,68.2232,68.25680000000001,10.0
HL_to_HH,long,568,569,571,2024-12-10 08:44:00,68.17,68.08,568,2024-12-10 08:55:00,68.33,1111.111111111069,100.0,177.77777777776726,68.1392,68.1224,68.156,10.0
HL_to_HH,long,570,571,573,2024-12-10 08:56:00,68.24,68.16,570,2024-12-10 09:05:00,68.6,1250.0000000000266,100.0,450.00000000000887,68.24000000000001,68.2232,68.25680000000001,12.0
HL_to_HH,long,580,581,585,2024-12-10 09:54:00,68.42,68.39,580,2024-12-10 11:00:00,68.9,3333.333333333207,100.0,1599.9999999999527,68.44160000000001,68.4248,68.45840000000001,8.0
HL_to_HH,long,586,587,589,2024-12-10 11:07:00,68.98,68.79,586,2024-12-10 11:16:00,69.04,526.3157894736905,100.0,31.57894736842263,68.9792,68.9624,68.99600000000001,4.0
HL_to_HH,long,588,589,591,2024-12-10 11:17:00,69.0,68.93,588,2024-12-10 11:50:00,69.05,1428.5714285715678,100.0,71.42857142857433,68.9792,68.9624,68.99600000000001,7.0
HL_to_HH,long,602,603,605,2024-12-10 15:43:00,68.42,68.35,602,2024-12-10 21:31:00,69.05,1428.5714285712777,100.0,899.9999999998985,68.44160000000001,68.4248,68.45840000000001,11.0
HL_to_HH,long,606,607,609,2024-12-10 22:32:00,68.99,68.97,606,2024-12-11 01:09:00,69.09,5000.000000000995,100.0,500.0000000001421,68.9792,68.9624,68.99600000000001,18.0
HL_to_HH,long,610,611,617,2024-12-11 02:00:00,69.14,68.99,610,2024-12-11 03:48:00,68.88,666.6666666666414,100.0,-173.33333333333016,69.1472,69.1304,69.164,40.0
HL_to_HH,long,616,617,619,2024-12-11 03:49:00,68.81,68.74,616,2024-12-11 04:41:00,69.36,1428.5714285712777,100.0,785.7142857141987,68.8784,68.8616,68.8952,8.0
HL_to_HH,long,620,621,625,2024-12-11 05:23:00,69.3,69.22,620,2024-12-11 07:18:00,69.61,1250.0000000000266,100.0,387.5000000000111,69.248,69.2312,69.26480000000001,8.0
HL_to_HH,long,632,633,635,2024-12-11 08:46:00,69.51,69.39,632,2024-12-11 08:51:00,69.52,833.3333333333018,100.0,8.333333333325438,69.4832,69.4664,69.5,7.0
HL_to_HH,long,634,635,641,2024-12-11 08:53:00,69.5,69.43,634,2024-12-11 09:15:00,69.48,1428.5714285715678,100.0,-28.57142857142567,69.4832,69.4664,69.5,3.0
HL_to_HH,long,642,643,645,2024-12-11 09:24:00,69.47,69.4,642,2024-12-11 09:58:00,69.51,1428.5714285715678,100.0,57.14285714287165,69.4832,69.4664,69.5,3.0
HL_to_HH,long,646,647,649,2024-12-11 10:09:00,69.52,69.43,646,2024-12-11 10:16:00,69.65,1111.1111111112446,100.0,144.44444444447254,69.4832,69.4664,69.5,6.0
HL_to_HH,long,648,649,655,2024-12-11 10:23:00,69.59,69.47,648,2024-12-11 11:16:00,69.72,833.3333333333018,100.0,108.33333333332544,69.55040000000001,69.5336,69.56720000000001,5.0
HL_to_HH,long,654,655,657,2024-12-11 11:18:00,69.65,69.46,654,2024-12-11 11:52:00,70.04,526.3157894736512,100.0,205.26315789472426,69.6512,69.6344,69.668,7.0
HL_to_HH,long,660,661,663,2024-12-11 12:31:00,69.96,69.9,660,2024-12-11 12:49:00,70.04,1666.6666666669983,100.0,133.3333333333807,69.92,69.9032,69.9368,19.0
HL_to_HH,long,678,679,683,2024-12-12 00:56:00,70.48,70.24,678,2024-12-12 03:28:00,70.56,416.6666666666509,100.0,33.33333333333136,70.4576,70.4408,70.4744,104.0
HL_to_HH,long,682,683,685,2024-12-12 03:29:00,70.55,70.35,682,2024-12-12 03:45:00,70.62,499.9999999999929,100.0,35.0000000000032,70.5584,70.5416,70.57520000000001,41.0
HL_to_HH,long,684,685,687,2024-12-12 03:49:00,70.56,70.45,684,2024-12-12 04:01:00,70.71,909.0909090909138,100.0,136.36363636362933,70.5584,70.5416,70.57520000000001,13.0
HL_to_HH,long,686,687,695,2024-12-12 04:02:00,70.62,70.55,686,2024-12-12 07:04:00,70.49,1428.5714285712777,100.0,-185.7142857142799,70.6928,70.676,70.70960000000001,12.0
HL_to_HH,long,698,699,713,2024-12-12 07:55:00,70.49,70.34,698,2024-12-12 10:31:00,69.42,666.6666666667046,100.0,-713.3333333333694,70.4576,70.4408,70.4744,7.0
HL_to_HH,long,712,713,715,2024-12-12 10:32:00,69.4,69.32,712,2024-12-12 10:38:00,69.47,1249.9999999998047,100.0,87.4999999999778,69.3824,69.3656,69.39920000000001,5.0
HL_to_HH,long,718,719,725,2024-12-12 10:50:00,69.38,69.26,718,2024-12-12 11:46:00,69.57,833.3333333334004,100.0,158.3333333333442,69.3824,69.3656,69.39920000000001,4.0
HL_to_HH,long,724,725,727,2024-12-12 11:47:00,69.55,69.21,724,2024-12-12 12:18:00,70.5,294.1176470588206,100.0,279.4117647058804,69.55040000000001,69.5336,69.56720000000001,14.0
HL_to_HH,long,730,731,741,2024-12-12 13:13:00,70.46,70.21,730,2024-12-12 14:56:00,70.26,400.0,100.0,-79.99999999999545,70.4576,70.4408,70.4744,18.0
HL_to_HH,long,742,743,747,2024-12-12 15:43:00,70.19,70.18,742,2024-12-12 20:12:00,70.02,10000.000000009095,100.0,-1700.0000000015632,70.1888,70.172,70.2056,28.0
HL_to_HH,long,746,747,749,2024-12-12 20:25:00,69.95,69.89,746,2024-12-12 21:45:00,70.08,1666.6666666666035,100.0,216.66666666665088,69.92,69.9032,69.9368,22.0
HL_to_HH,long,748,749,751,2024-12-12 21:59:00,70.01,69.93,748,2024-12-12 23:51:00,70.14,1250.0000000000266,100.0,162.49999999999778,69.9872,69.9704,70.004,67.0
HL_to_HH,long,750,751,755,2024-12-13 00:09:00,70.1,69.98,750,2024-12-13 02:00:00,70.14,833.3333333334004,100.0,33.33333333334123,70.08800000000001,70.0712,70.10480000000001,96.0
HL_to_HH,long,754,755,757,2024-12-13 02:02:00,70.11,70.03,754,2024-12-13 02:59:00,70.35,1250.0000000000266,100.0,300.0,70.08800000000001,70.0712,70.10480000000001,22.0
HL_to_HH,long,764,765,777,2024-12-13 06:19:00,70.83,70.36,764,2024-12-13 09:32:00,70.68,212.765957446809,100.0,-31.914893617019537,70.8608,70.844,70.8776,80.0
HL_to_HH,long,778,779,783,2024-12-13 09:55:00,70.75,70.5,778,2024-12-13 10:48:00,70.83,400.0,100.0,31.999999999999318,70.76,70.7432,70.77680000000001,17.0
HL_to_HH,long,784,785,787,2024-12-13 10:58:00,70.87,70.71,784,2024-12-13 11:06:00,70.88,624.9999999999578,100.0,6.249999999993894,70.8608,70.844,70.8776,5.0
HL_to_HH,long,786,787,791,2024-12-13 11:07:00,70.85,70.79,786,2024-12-13 12:14:00,71.22,1666.6666666669983,100.0,616.6666666667969,70.8608,70.844,70.8776,3.0
HL_to_HH,long,794,795,799,2024-12-13 13:31:00,71.32,71.12,794,2024-12-13 14:33:00,71.4,500.0000000000284,100.0,40.00000000000853,71.3312,71.31439999999999,71.348,29.0
HL_to_HH,long,820,821,825,2024-12-16 02:51:00,70.89,70.82,820,2024-12-16 03:23:00,71.02,1428.5714285712777,100.0,185.7142857142596,70.8608,70.844,70.8776,44.0
HL_to_HH,long,824,825,831,2024-12-16 03:24:00,71.01,70.94,824,2024-12-16 04:34:00,70.68,1428.5714285712777,100.0,-471.4285714285192,71.0288,71.012,71.04560000000001,5.0
HL_to_HH,long,830,831,835,2024-12-16 04:35:00,70.64,70.56,830,2024-12-16 05:11:00,70.72,1250.0000000000266,100.0,100.0,70.6592,70.6424,70.676,10.0
HL_to_HH,long,840,841,843,2024-12-16 08:29:00,70.76,70.41,840,2024-12-16 09:22:00,71.1,285.71428571427873,100.0,97.14285714285168,70.76,70.7432,70.77680000000001,78.0
HL_to_HH,long,846,847,849,2024-12-16 09:43:00,70.98,70.95,846,2024-12-16 10:14:00,71.08,3333.333333333207,100.0,333.33333333330177,71.0624,71.0456,71.0792,4.0
HL_to_HH,long,850,851,861,2024-12-16 10:32:00,71.08,71.0,850,2024-12-16 11:54:00,70.66,1250.0000000000266,100.0,-525.0000000000133,71.0624,71.0456,71.0792,8.0
HL_to_HH,long,860,861,863,2024-12-16 11:55:00,70.64,70.51,860,2024-12-16 12:35:00,71.02,769.2307692307961,100.0,292.307692307699,70.6592,70.6424,70.676,10.0
HL_to_HH,long,862,863,865,2024-12-16 13:06:00,70.86,70.51,862,2024-12-16 13:22:00,71.05,285.7142857142903,100.0,54.28571428571451,70.8608,70.844,70.8776,25.0
HL_to_HH,long,864,865,869,2024-12-16 13:27:00,70.87,70.84,864,2024-12-16 14:26:00,70.76,3333.333333333207,100.0,-366.6666666666509,70.8608,70.844,70.8776,15.0
HL_to_HH,long,884,885,891,2024-12-17 02:43:00,70.48,70.35,884,2024-12-17 04:19:00,69.77,769.2307692307121,100.0,-546.1538461538117,70.4576,70.4408,70.4744,33.0
HL_to_HH,long,890,891,893,2024-12-17 04:21:00,69.73,69.58,890,2024-12-17 04:41:00,69.91,666.6666666666414,100.0,119.99999999999052,69.7184,69.7016,69.7352,16.0
HL_to_HH,long,892,893,895,2024-12-17 04:43:00,69.83,69.64,892,2024-12-17 04:52:00,69.89,526.3157894736905,100.0,31.57894736842263,69.81920000000001,69.8024,69.83600000000001,9.0
HL_to_HH,long,894,895,899,2024-12-17 04:53:00,69.87,69.83,894,2024-12-17 05:56:00,69.7,2499.9999999996094,100.0,-424.99999999993787,69.8528,69.836,69.8696,9.0
HL_to_HH,long,910,911,913,2024-12-17 08:08:00,69.64,69.46,910,2024-12-17 08:47:00,69.68,555.5555555555345,100.0,22.222222222224854,69.6512,69.6344,69.668,5.0
HL_to_HH,long,918,919,923,2024-12-17 09:29:00,69.56,69.49,918,2024-12-17 09:48:00,69.38,1428.5714285712777,100.0,-257.1428571428397,69.55040000000001,69.5336,69.56720000000001,4.0
HL_to_HH,long,938,939,941,2024-12-17 11:51:00,69.16,69.05,938,2024-12-17 12:01:00,69.24,909.0909090909138,100.0,72.72727272727155,69.1472,69.1304,69.164,18.0
HL_to_HH,long,940,941,943,2024-12-17 12:03:00,69.16,69.09,940,2024-12-17 12:10:00,69.25,1428.5714285715678,100.0,128.57142857144598,69.1472,69.1304,69.164,8.0
HL_to_HH,long,942,943,945,2024-12-17 12:12:00,69.21,69.17,942,2024-12-17 13:08:00,69.54,2500.0000000004975,100.0,825.0000000001954,69.1808,69.164,69.19760000000001,5.0
HL_to_HH,long,950,951,953,2024-12-17 15:36:00,69.82,69.54,950,2024-12-17 16:39:00,69.87,357.1428571428738,100.0,17.85714285714775,69.81920000000001,69.8024,69.83600000000001,73.0
HL_to_HH,long,952,953,961,2024-12-17 16:50:00,69.81,69.72,952,2024-12-18 00:23:00,69.78,1111.111111111069,100.0,-33.333333333333336,69.81920000000001,69.8024,69.83600000000001,11.0
HL_to_HH,long,960,961,965,2024-12-18 00:28:00,69.72,69.7,960,2024-12-18 03:08:00,70.15,5000.000000000995,100.0,2150.000000000462,69.7184,69.7016,69.7352,17.0
HL_to_HH,long,966,967,971,2024-12-18 04:52:00,70.1,69.99,966,2024-12-18 07:52:00,70.41,909.0909090909138,100.0,281.81818181818534,70.08800000000001,70.0712,70.10480000000001,41.0
HL_to_HH,long,980,981,985,2024-12-18 09:43:00,70.44,70.39,980,2024-12-18 10:17:00,70.47,2000.0000000001137,100.0,60.000000000005684,70.4576,70.4408,70.4744,2.0
HL_to_HH,long,988,989,991,2024-12-18 10:58:00,70.57,70.38,988,2024-12-18 11:24:00,70.78,526.3157894736905,100.0,110.5263157894792,70.5584,70.5416,70.57520000000001,16.0
HL_to_HH,long,990,991,995,2024-12-18 11:25:00,70.76,70.42,990,2024-12-18 11:39:00,70.74,294.1176470588206,100.0,-5.882352941179421,70.76,70.7432,70.77680000000001,21.0
HL_to_HH,long,994,995,999,2024-12-18 11:40:00,70.7,70.65,994,2024-12-18 13:35:00,70.42,2000.0000000001137,100.0,-560.0000000000341,70.6928,70.676,70.70960000000001,3.0
HL_to_HH,long,998,999,1013,2024-12-18 13:36:00,70.42,70.3,998,2024-12-18 16:14:00,69.55,833.3333333333018,100.0,-724.9999999999764,70.3904,70.3736,70.4072,15.0
HL_to_HH,long,1012,1013,1017,2024-12-18 16:17:00,69.5,69.43,1012,2024-12-18 19:32:00,69.54,1428.5714285715678,100.0,57.14285714287165,69.4832,69.4664,69.5,15.0
HL_to_HH,long,1016,1017,1019,2024-12-18 19:34:00,69.52,69.43,1016,2024-12-18 20:07:00,69.65,1111.1111111112446,100.0,144.44444444447254,69.4832,69.4664,69.5,32.0
HL_to_HH,long,1020,1021,1027,2024-12-18 20:26:00,69.64,69.57,1020,2024-12-18 22:47:00,69.71,1428.5714285712777,100.0,99.99999999997969,69.6512,69.6344,69.668,16.0
HL_to_HH,long,1026,1027,1029,2024-12-18 22:48:00,69.7,69.58,1026,2024-12-19 01:55:00,69.78,833.3333333333018,100.0,66.66666666666272,69.7184,69.7016,69.7352,43.0
HL_to_HH,long,1034,1035,1037,2024-12-19 03:54:00,69.6,69.56,1034,2024-12-19 04:14:00,69.98,2500.0000000004975,100.0,950.0000000002132,69.61760000000001,69.6008,69.63440000000001,3.0
HL_to_HH,long,1036,1037,1039,2024-12-19 04:28:00,69.89,69.58,1036,2024-12-19 04:40:00,70.01,322.580645161288,100.0,38.70967741935603,69.81920000000001,69.8024,69.83600000000001,18.0
HL_to_HH,long,1040,1041,1045,2024-12-19 06:00:00,69.95,69.88,1040,2024-12-19 06:48:00,69.91,1428.5714285712777,100.0,-57.14285714286004,69.92,69.9032,69.9368,24.0
HL_to_HH,long,1052,1053,1067,2024-12-19 09:12:00,70.53,70.37,1052,2024-12-19 10:33:00,70.01,625.0000000000133,100.0,-325.00000000000443,70.5584,70.5416,70.57520000000001,5.0
HL_to_HH,long,1066,1067,1079,2024-12-19 10:35:00,69.93,69.92,1066,2024-12-19 11:32:00,69.61,9999.999999994885,100.0,-3199.999999998437,69.92,69.9032,69.9368,3.0
HL_to_HH,long,1078,1079,1083,2024-12-19 11:33:00,69.55,69.46,1078,2024-12-19 11:52:00,69.47,1111.111111111069,100.0,-88.88888888888363,69.55040000000001,69.5336,69.56720000000001,2.0
HL_to_HH,long,1082,1083,1089,2024-12-19 11:54:00,69.36,69.33,1082,2024-12-19 13:02:00,69.43,3333.333333333207,100.0,233.33333333334912,69.3824,69.3656,69.39920000000001,2.0
HL_to_HH,long,1090,1091,1103,2024-12-19 13:14:00,69.47,69.35,1090,2024-12-19 18:18:00,69.26,833.3333333333018,100.0,-174.99999999998815,69.4832,69.4664,69.5,6.0
HL_to_HH,long,1114,1115,1121,2024-12-20 01:45:00,69.17,68.92,1114,2024-12-20 03:37:00,69.16,400.0,100.0,-4.000000000002046,69.1472,69.1304,69.164,63.0
HL_to_HH,long,1120,1121,1129,2024-12-20 03:38:00,69.1,68.93,1120,2024-12-20 05:38:00,68.75,588.2352941176904,100.0,-205.8823529411883,69.1472,69.1304,69.164,21.0
HL_to_HH,long,1136,1137,1145,2024-12-20 08:38:00,69.14,69.02,1136,2024-12-20 10:13:00,68.81,833.3333333333018,100.0,-274.9999999999882,69.1472,69.1304,69.164,31.0
HL_to_HH,long,1144,1145,1147,2024-12-20 10:15:00,68.72,68.55,1144,2024-12-20 10:31:00,69.07,588.2352941176412,100.0,205.88235294117106,68.7104,68.6936,68.72720000000001,13.0
HL_to_HH,long,1146,1147,1149,2024-12-20 10:33:00,69.01,68.72,1146,2024-12-20 10:59:00,69.12,344.8275862068891,100.0,37.93103448275761,68.9792,68.9624,68.99600000000001,16.0
HL_to_HH,long,1148,1149,1151,2024-12-20 11:01:00,69.1,68.9,1148,2024-12-20 11:25:00,69.44,500.0000000000284,100.0,170.00000000001137,69.08,69.0632,69.0968,7.0
HL_to_HH,long,1154,1155,1157,2024-12-20 12:52:00,69.57,69.26,1154,2024-12-20 13:17:00,69.7,322.58064516130275,100.0,41.935483870972476,69.55040000000001,69.5336,69.56720000000001,50.0
HL_to_HH,long,1156,1157,1159,2024-12-20 13:18:00,69.68,69.57,1156,2024-12-20 13:50:00,69.83,909.0909090907963,100.0,136.3636363636117,69.6512,69.6344,69.668,20.0
HL_to_HH,long,1158,1159,1161,2024-12-20 13:51:00,69.8,69.61,1158,2024-12-20 13:55:00,69.83,526.3157894736905,100.0,15.789473684211314,69.81920000000001,69.8024,69.83600000000001,28.0
HL_to_HH,long,1160,1161,1167,2024-12-20 13:56:00,69.8,69.75,1160,2024-12-20 15:45:00,69.61,2000.0000000001137,100.0,-380.00000000001705,69.81920000000001,69.8024,69.83600000000001,3.0
HL_to_HH,long,1166,1167,1173,2024-12-20 15:51:00,69.57,69.41,1166,2024-12-22 20:57:00,69.87,625.0000000000133,100.0,187.50000000001108,69.55040000000001,69.5336,69.56720000000001,41.0
HL_to_HH,long,1174,1175,1181,2024-12-23 00:01:00,69.84,69.77,1174,2024-12-23 02:36:00,69.89,1428.5714285712777,100.0,71.42857142855982,69.81920000000001,69.8024,69.83600000000001,42.0
HL_to_HH,long,1180,1181,1187,2024-12-23 02:42:00,69.84,69.74,1180,2024-12-23 03:52:00,69.81,999.9999999999147,100.0,-29.99999999999858,69.81920000000001,69.8024,69.83600000000001,30.0
HL_to_HH,long,1186,1187,1191,2024-12-23 03:53:00,69.72,69.63,1186,2024-12-23 04:17:00,69.9,1111.111111111069,100.0,200.0,69.7184,69.7016,69.7352,6.0
HL_to_HH,long,1192,1193,1199,2024-12-23 04:34:00,69.86,69.83,1192,2024-12-23 06:15:00,69.3,3333.333333333207,100.0,-1866.6666666666035,69.8528,69.836,69.8696,9.0
HL_to_HH,long,1200,1201,1203,2024-12-23 06:41:00,69.23,69.19,1200,2024-12-23 07:29:00,69.39,2499.9999999996094,100.0,399.99999999992895,69.248,69.2312,69.26480000000001,9.0
HL_to_HH,long,1208,1209,1211,2024-12-23 08:57:00,69.1,69.05,1208,2024-12-23 09:02:00,69.22,2000.0000000001137,100.0,240.00000000002274,69.1472,69.1304,69.164,5.0
HL_to_HH,long,1214,1215,1219,2024-12-23 09:38:00,69.36,69.27,1214,2024-12-23 09:56:00,69.21,1111.111111111069,100.0,-166.66666666666666,69.3824,69.3656,69.39920000000001,3.0
HL_to_HH,long,1232,1233,1235,2024-12-23 13:17:00,69.1,68.7,1232,2024-12-23 14:05:00,69.44,250.00000000000534,100.0,85.00000000000267,69.1472,69.1304,69.164,64.0
HL_to_HH,long,1240,1241,1245,2024-12-23 16:50:00,69.56,69.35,1240,2024-12-23 20:11:00,69.56,476.1904761904581,100.0,0.0,69.55040000000001,69.5336,69.56720000000001,83.0
HL_to_HH,long,1244,1245,1247,2024-12-23 20:12:00,69.54,69.45,1244,2024-12-23 21:31:00,69.65,1111.111111111069,100.0,122.22222222221696,69.55040000000001,69.5336,69.56720000000001,27.0
HL_to_HH,long,1252,1253,1255,2024-12-24 01:28:00,69.56,69.5,1252,2024-12-24 02:24:00,69.63,1666.6666666666035,100.0,116.66666666665088,69.55040000000001,69.5336,69.56720000000001,24.0
HL_to_HH,long,1254,1255,1257,2024-12-24 02:34:00,69.55,69.52,1254,2024-12-24 03:13:00,69.82,3333.333333333207,100.0,899.9999999999526,69.55040000000001,69.5336,69.56720000000001,22.0
HL_to_HH,long,1256,1257,1261,2024-12-24 03:14:00,69.81,69.55,1256,2024-12-24 04:27:00,69.82,384.615384615377,100.0,3.8461538461502722,69.81920000000001,69.8024,69.83600000000001,39.0
HL_to_HH,long,1264,1265,1271,2024-12-24 06:32:00,69.87,69.85,1264,2024-12-24 07:55:00,69.82,4999.9999999974425,100.0,-249.99999999992897,69.8528,69.836,69.8696,9.0
HL_to_HH,long,1270,1271,1275,2024-12-24 07:56:00,69.76,69.57,1270,2024-12-24 08:26:00,69.82,526.3157894736512,100.0,31.578947368412788,69.81920000000001,69.8024,69.83600000000001,20.0
HL_to_HH,long,1276,1277,1279,2024-12-24 08:55:00,69.84,69.76,1276,2024-12-24 09:05:00,70.26,1250.0000000000266,100.0,525.0000000000133,69.81920000000001,69.8024,69.83600000000001,13.0
HL_to_HH,long,1278,1279,1287,2024-12-24 09:38:00,69.92,69.84,1278,2024-12-24 10:35:00,70.41,1250.0000000000266,100.0,612.5000000000066,69.8528,69.836,69.8696,10.0
HL_to_HH,long,1290,1291,1297,2024-12-24 11:53:00,70.28,70.14,1290,2024-12-24 13:29:00,70.14,714.2857142857114,100.0,-100.0,70.28960000000001,70.2728,70.30640000000001,39.0
HL_to_HH,long,1300,1301,1303,2024-12-25 20:34:00,70.3,70.2,1300,2024-12-25 21:15:00,70.34,1000.0000000000568,100.0,40.00000000000853,70.28960000000001,70.2728,70.30640000000001,56.0
HL_to_HH,long,1302,1303,1305,2024-12-25 21:17:00,70.31,70.24,1302,2024-12-25 22:25:00,70.46,1428.5714285712777,100.0,214.28571428567946,70.28960000000001,70.2728,70.30640000000001,21.0
HL_to_HH,long,1308,1309,1311,2024-12-26 02:34:00,70.21,70.14,1308,2024-12-26 05:04:00,70.55,1428.5714285715678,100.0,485.7142857143379,70.1888,70.172,70.2056,51.0
HL_to_HH,long,1310,1311,1313,2024-12-26 05:16:00,70.48,70.15,1310,2024-12-26 06:30:00,70.54,303.0303030303046,100.0,18.181818181818965,70.4576,70.4408,70.4744,136.0
HL_to_HH,long,1312,1313,1315,2024-12-26 07:05:00,70.47,70.39,1312,2024-12-26 08:36:00,70.72,1250.0000000000266,100.0,312.50000000000665,70.4576,70.4408,70.4744,60.0
HL_to_HH,long,1342,1343,1347,2024-12-26 19:13:00,69.66,69.6,1342,2024-12-26 21:43:00,69.66,1666.6666666666035,100.0,0.0,69.6512,69.6344,69.668,62.0
HL_to_HH,long,1346,1347,1351,2024-12-26 21:44:00,69.66,69.55,1346,2024-12-26 23:04:00,69.69,909.0909090909138,100.0,27.272727272728446,69.6512,69.6344,69.668,29.0
HL_to_HH,long,1356,1357,1359,2024-12-27 03:26:00,69.81,69.72,1356,2024-12-27 03:37:00,69.86,1111.111111111069,100.0,55.55555555555029,69.81920000000001,69.8024,69.83600000000001,17.0
HL_to_HH,long,1358,1359,1361,2024-12-27 03:38:00,69.8,69.78,1358,2024-12-27 03:48:00,69.88,5000.000000000995,100.0,400.00000000007105,69.81920000000001,69.8024,69.83600000000001,1.0
HL_to_HH,long,1360,1361,1365,2024-12-27 03:50:00,69.85,69.78,1360,2024-12-27 04:27:00,69.87,1428.5714285715678,100.0,28.571428571445974,69.81920000000001,69.8024,69.83600000000001,9.0
HL_to_HH,long,1366,1367,1369,2024-12-27 04:41:00,69.83,69.77,1366,2024-12-27 04:56:00,69.95,1666.6666666666035,100.0,200.0,69.81920000000001,69.8024,69.83600000000001,8.0
HL_to_HH,long,1368,1369,1371,2024-12-27 05:03:00,69.82,69.8,1368,2024-12-27 05:30:00,69.97,5000.000000000995,100.0,750.0000000001777,69.81920000000001,69.8024,69.83600000000001,12.0
HL_to_HH,long,1370,1371,1373,2024-12-27 05:31:00,69.86,69.82,1370,2024-12-27 06:29:00,70.3,2499.9999999996094,100.0,1099.9999999998224,69.8528,69.836,69.8696,21.0
HL_to_HH,long,1386,1387,1389,2024-12-27 09:03:00,70.43,70.22,1386,2024-12-27 09:28:00,70.48,476.1904761904581,100.0,23.809523809521554,70.4576,70.4408,70.4744,7.0
HL_to_HH,long,1388,1389,1391,2024-12-27 09:29:00,70.45,70.36,1388,2024-12-27 09:54:00,70.55,1111.111111111069,100.0,111.11111111110058,70.4576,70.4408,70.4744,21.0
HL_to_HH,long,1390,1391,1395,2024-12-27 09:55:00,70.52,70.4,1390,2024-12-27 10:55:00,70.36,833.3333333334004,100.0,-133.33333333334122,70.5584,70.5416,70.57520000000001,22.0
HL_to_HH,long,1396,1397,1399,2024-12-27 11:19:00,70.29,70.23,1396,2024-12-27 11:32:00,70.5,1666.6666666666035,100.0,349.9999999999763,70.28960000000001,70.2728,70.30640000000001,11.0
HL_to_HH,long,1398,1399,1403,2024-12-27 11:34:00,70.49,70.28,1398,2024-12-27 13:21:00,70.59,476.19047619049036,100.0,47.6190476190531,70.4576,70.4408,70.4744,13.0
HL_to_HH,long,1402,1403,1405,2024-12-27 13:22:00,70.57,70.27,1402,2024-12-27 14:00:00,70.65,333.3333333333365,100.0,26.666666666671087,70.5584,70.5416,70.57520000000001,21.0
HL_to_HH,long,1404,1405,1407,2024-12-27 14:02:00,70.58,70.52,1404,2024-12-27 14:13:00,70.74,1666.6666666666035,100.0,266.6666666666509,70.5584,70.5416,70.57520000000001,30.0
HL_to_HH,long,1406,1407,1413,2024-12-27 14:16:00,70.67,70.57,1406,2024-12-29 18:50:00,70.46,999.9999999999147,100.0,-209.99999999999005,70.6928,70.676,70.70960000000001,10.0
HL_to_HH,long,1414,1415,1421,2024-12-30 00:01:00,70.68,70.37,1414,2024-12-30 03:02:00,70.65,322.580645161288,100.0,-9.677419354839007,70.6928,70.676,70.70960000000001,107.0
HL_to_HH,long,1420,1421,1427,2024-12-30 03:03:00,70.62,70.5,1420,2024-12-30 04:26:00,70.68,833.3333333333018,100.0,50.0,70.6592,70.6424,70.676,7.0
HL_to_HH,long,1434,1435,1437,2024-12-30 06:43:00,70.59,70.46,1434,2024-12-30 07:17:00,70.95,769.2307692307121,100.0,276.92307692305593,70.6592,70.6424,70.676,26.0
HL_to_HH,long,1436,1437,1439,2024-12-30 07:20:00,70.89,70.59,1436,2024-12-30 07:37:00,70.99,333.3333333333365,100.0,33.33333333333176,70.8608,70.844,70.8776,34.0
HL_to_HH,long,1438,1439,1441,2024-12-30 07:47:00,70.88,70.85,1438,2024-12-30 08:57:00,71.05,3333.333333333207,100.0,566.6666666666509,70.8608,70.844,70.8776,13.0
HL_to_HH,long,1452,1453,1457,2024-12-30 10:42:00,71.38,71.22,1452,2024-12-30 11:13:00,71.39,625.0000000000133,100.0,6.250000000003331,71.3984,71.38159999999999,71.4152,4.0
HL_to_HH,long,1456,1457,1461,2024-12-30 11:14:00,71.38,71.21,1456,2024-12-30 12:11:00,71.54,588.2352941176412,100.0,94.11764705882894,71.3984,71.38159999999999,71.4152,11.0
HL_to_HH,long,1460,1461,1465,2024-12-30 12:17:00,71.47,71.21,1460,2024-12-30 13:15:00,71.37,384.615384615377,100.0,-38.46153846153552,71.4656,71.44879999999999,71.4824,13.0
HL_to_HH,long,1464,1465,1469,2024-12-30 13:17:00,71.35,71.25,1464,2024-12-30 15:29:00,71.25,1000.0000000000568,100.0,-100.0,71.3312,71.31439999999999,71.348,4.0
HL_to_HH,long,1470,1471,1473,2024-12-30 20:08:00,71.39,71.09,1470,2024-12-30 20:49:00,71.59,333.3333333333365,100.0,66.66666666666825,71.3984,71.38159999999999,71.4152,113.0
HL_to_HH,long,1472,1473,1477,2024-12-30 20:50:00,71.55,71.31,1472,2024-12-30 23:48:00,71.65,416.66666666667555,100.0,41.666666666671105,71.5664,71.5496,71.5832,23.0
HL_to_HH,long,1476,1477,1479,2024-12-31 00:13:00,71.59,71.34,1476,2024-12-31 01:54:00,71.73,400.0,100.0,56.00000000000023,71.5664,71.5496,71.5832,47.0
HL_to_HH,long,1478,1479,1483,2024-12-31 01:57:00,71.67,71.57,1478,2024-12-31 04:01:00,71.64,999.9999999999147,100.0,-29.99999999999858,71.6672,71.65039999999999,71.684,82.0
HL_to_HH,long,1488,1489,1493,2024-12-31 06:19:00,71.56,71.41,1488,2024-12-31 07:13:00,71.69,666.6666666666414,100.0,86.66666666666035,71.5664,71.5496,71.5832,18.0
HL_to_HH,long,1492,1493,1499,2024-12-31 07:14:00,71.65,71.54,1492,2024-12-31 08:38:00,71.08,909.0909090909138,100.0,-518.1818181818276,71.6672,71.65039999999999,71.684,8.0
HL_to_HH,long,1498,1499,1501,2024-12-31 08:39:00,71.03,70.98,1498,2024-12-31 09:16:00,71.52,2000.0000000001137,100.0,980.0000000000455,71.0624,71.0456,71.0792,7.0
HL_to_HH,long,1500,1501,1503,2024-12-31 09:17:00,71.48,70.99,1500,2024-12-31 09:33:00,71.57,204.08163265305743,100.0,18.367346938772965,71.4656,71.44879999999999,71.4824,24.0
HL_to_HH,long,1502,1503,1507,2024-12-31 09:34:00,71.54,71.35,1502,2024-12-31 10:00:00,71.55,526.3157894736512,100.0,5.263157894731725,71.5664,71.5496,71.5832,14.0
HL_to_HH,long,1508,1509,1513,2024-12-31 10:24:00,71.59,71.36,1508,2024-12-31 10:45:00,71.65,434.7826086956446,100.0,26.086956521739666,71.5664,71.5496,71.5832,14.0
HL_to_HH,long,1514,1515,1517,2024-12-31 10:59:00,71.68,71.57,1514,2024-12-31 11:37:00,71.81,909.0909090907963,100.0,118.18181818179939,71.6672,71.65039999999999,71.684,9.0
HL_to_HH,long,1516,1517,1519,2024-12-31 11:47:00,71.68,71.6,1516,2024-12-31 11:51:00,71.81,1249.9999999998047,100.0,162.49999999996894,71.6672,71.65039999999999,71.684,35.0
HL_to_HH,long,1518,1519,1521,2024-12-31 12:00:00,71.72,71.68,1518,2024-12-31 12:27:00,71.82,2500.0000000004975,100.0,250.00000000003553,71.7008,71.684,71.7176,3.0
HL_to_HH,long,1522,1523,1527,2024-12-31 13:26:00,71.99,71.75,1522,2024-12-31 14:23:00,71.91,416.66666666667555,100.0,-33.333333333333336,71.9696,71.9528,71.9864,54.0
HL_to_HH,long,1526,1527,1529,2024-12-31 14:24:00,71.83,71.78,1526,2024-12-31 14:59:00,71.93,2000.0000000001137,100.0,200.00000000002842,71.9024,71.8856,71.9192,13.0
LH_to_LL,short,17,18,28,2024-12-02 00:18:00,68.34,68.43,17,2024-12-02 02:48:00,68.49,1111.111111111069,100.0,-166.66666666665088,68.30720000000001,68.2904,68.32400000000001,73.0
LH_to_LL,short,29,30,36,2024-12-02 03:09:00,68.42,68.57,29,2024-12-02 04:13:00,68.47,666.6666666667046,100.0,-33.333333333333336,68.44160000000001,68.4248,68.45840000000001,12.0
LH_to_LL,short,49,50,62,2024-12-02 05:38:00,68.59,68.68,49,2024-12-02 07:52:00,68.66,1111.111111111069,100.0,-77.77777777776726,68.6096,68.5928,68.6264,10.0
LH_to_LL,short,61,62,70,2024-12-02 07:54:00,68.69,68.86,61,2024-12-02 09:19:00,68.77,588.2352941176412,100.0,-47.05882352941029,68.7104,68.6936,68.72720000000001,18.0
LH_to_LL,short,71,72,74,2024-12-02 09:49:00,68.4,68.89,71,2024-12-02 09:58:00,68.2,204.08163265306337,100.0,40.81632653061325,68.44160000000001,68.4248,68.45840000000001,15.0
LH_to_LL,short,73,74,76,2024-12-02 09:59:00,68.23,68.42,73,2024-12-02 10:18:00,68.16,526.3157894736905,100.0,36.842105263162225,68.24000000000001,68.2232,68.25680000000001,8.0
LH_to_LL,short,75,76,80,2024-12-02 10:21:00,68.24,68.41,75,2024-12-02 10:53:00,68.29,588.2352941176412,100.0,-29.411764705888746,68.24000000000001,68.2232,68.25680000000001,12.0
LH_to_LL,short,79,80,84,2024-12-02 10:54:00,68.29,68.37,79,2024-12-02 11:29:00,67.9,1250.0000000000266,100.0,487.5000000000111,68.30720000000001,68.2904,68.32400000000001,3.0
LH_to_LL,short,83,84,86,2024-12-02 11:30:00,67.99,68.46,83,2024-12-02 11:45:00,67.84,212.765957446809,100.0,31.914893617019537,67.90400000000001,67.8872,67.92080000000001,21.0
LH_to_LL,short,85,86,88,2024-12-02 11:46:00,67.84,68.1,85,2024-12-02 12:05:00,67.74,384.61538461539806,100.0,38.461538461543086,67.83680000000001,67.82000000000001,67.85360000000001,13.0
LH_to_LL,short,87,88,96,2024-12-02 12:06:00,67.77,67.96,87,2024-12-02 13:44:00,67.81,526.3157894736905,100.0,-21.052631578950912,67.76960000000001,67.75280000000001,67.78640000000001,16.0
LH_to_LL,short,95,96,100,2024-12-02 13:45:00,67.82,68.05,95,2024-12-02 14:14:00,67.88,434.7826086956446,100.0,-26.086956521739666,67.83680000000001,67.82000000000001,67.85360000000001,33.0
LH_to_LL,short,109,110,116,2024-12-02 21:46:00,67.96,68.07,109,2024-12-03 00:15:00,68.13,909.0909090909138,100.0,-154.5454545454569,67.9376,67.9208,67.9544,27.0
LH_to_LL,short,115,116,120,2024-12-03 00:16:00,68.13,68.21,115,2024-12-03 02:19:00,68.29,1250.0000000000266,100.0,-200.00000000001776,68.1392,68.1224,68.156,22.0
LH_to_LL,short,133,134,146,2024-12-03 06:00:00,68.69,68.84,133,2024-12-03 08:25:00,69.09,666.6666666666414,100.0,-266.6666666666603,68.7104,68.6936,68.72720000000001,5.0
LH_to_LL,short,153,154,156,2024-12-03 09:08:00,69.13,69.32,153,2024-12-03 09:39:00,68.75,526.3157894736905,100.0,200.0,69.1472,69.1304,69.164,3.0
LH_to_LL,short,155,156,166,2024-12-03 10:13:00,69.12,69.19,155,2024-12-03 10:47:00,69.51,1428.5714285715678,100.0,-557.1428571429122,69.1472,69.1304,69.164,18.0
LH_to_LL,short,169,170,176,2024-12-03 11:13:00,69.7,69.73,169,2024-12-03 13:02:00,69.91,3333.333333333207,100.0,-699.9999999999526,69.7184,69.7016,69.7352,2.0
LH_to_LL,short,177,178,186,2024-12-03 13:13:00,69.8,69.98,177,2024-12-03 14:30:00,69.91,555.5555555555345,100.0,-61.11111111110848,69.81920000000001,69.8024,69.83600000000001,8.0
LH_to_LL,short,187,188,190,2024-12-03 16:34:00,69.93,70.08,187,2024-12-03 20:50:00,69.88,666.6666666667046,100.0,33.33333333334281,69.92,69.9032,69.9368,77.0
LH_to_LL,short,195,196,200,2024-12-03 22:31:00,69.94,70.02,195,2024-12-04 03:18:00,69.99,1250.0000000000266,100.0,-62.499999999997776,69.92,69.9032,69.9368,18.0
LH_to_LL,short,201,202,204,2024-12-04 03:42:00,70.07,70.14,201,2024-12-04 03:56:00,69.88,1428.5714285712777,100.0,271.4285714285395,70.08800000000001,70.0712,70.10480000000001,9.0
LH_to_LL,short,203,204,208,2024-12-04 03:57:00,69.94,70.07,203,2024-12-04 04:19:00,69.96,769.2307692307961,100.0,-15.38461538461286,69.92,69.9032,69.9368,14.0
LH_to_LL,short,207,208,214,2024-12-04 04:20:00,70.0,70.07,207,2024-12-04 06:18:00,70.1,1428.5714285715678,100.0,-142.85714285714866,69.9872,69.9704,70.004,2.0
LH_to_LL,short,215,216,218,2024-12-04 06:36:00,70.08,70.18,215,2024-12-04 07:23:00,69.79,999.9999999999147,100.0,289.9999999999673,70.08800000000001,70.0712,70.10480000000001,9.0
LH_to_LL,short,217,218,222,2024-12-04 07:24:00,69.81,70.15,217,2024-12-04 08:35:00,69.95,294.1176470588206,100.0,-41.17647058823505,69.81920000000001,69.8024,69.83600000000001,25.0
LH_to_LL,short,231,232,236,2024-12-04 10:31:00,70.06,70.15,231,2024-12-04 10:49:00,69.65,1111.111111111069,100.0,455.5555555555345,69.81920000000001,69.8024,69.83600000000001,23.0
LH_to_LL,short,235,236,240,2024-12-04 10:51:00,69.7,69.88,235,2024-12-04 11:25:00,69.46,555.5555555555784,100.0,133.33333333334386,69.81920000000001,69.8024,69.83600000000001,5.0
LH_to_LL,short,245,246,248,2024-12-04 12:34:00,69.24,69.37,245,2024-12-04 13:00:00,68.77,769.2307692307121,100.0,361.5384615384338,69.248,69.2312,69.26480000000001,15.0
LH_to_LL,short,251,252,254,2024-12-04 13:18:00,68.68,68.83,251,2024-12-04 13:35:00,68.59,666.6666666667046,100.0,60.000000000005684,68.7104,68.6936,68.72720000000001,9.0
LH_to_LL,short,255,256,260,2024-12-04 13:58:00,68.64,68.72,255,2024-12-04 14:29:00,68.5,1250.0000000000266,100.0,175.00000000000443,68.7104,68.6936,68.72720000000001,10.0
LH_to_LL,short,267,268,272,2024-12-04 21:07:00,68.64,68.7,267,2024-12-04 22:23:00,68.48,1666.6666666666035,100.0,266.6666666666509,68.6096,68.5928,68.6264,5.0
LH_to_LL,short,273,274,278,2024-12-05 01:33:00,68.5,68.63,273,2024-12-05 02:44:00,68.46,769.2307692307961,100.0,30.769230769236653,68.50880000000001,68.492,68.52560000000001,122.0
LH_to_LL,short,277,278,284,2024-12-05 02:45:00,68.5,68.66,277,2024-12-05 04:05:00,68.66,625.0000000000133,100.0,-100.0,68.50880000000001,68.492,68.52560000000001,19.0
LH_to_LL,short,283,284,290,2024-12-05 04:07:00,68.68,68.79,283,2024-12-05 05:12:00,68.73,909.0909090909138,100.0,-45.45454545454311,68.7104,68.6936,68.72720000000001,8.0
LH_to_LL,short,289,290,294,2024-12-05 05:22:00,68.92,68.94,289,2024-12-05 05:51:00,68.71,5000.000000000995,100.0,1050.0000000002487,68.912,68.8952,68.92880000000001,17.0
LH_to_LL,short,297,298,300,2024-12-05 06:49:00,68.24,68.35,297,2024-12-05 06:57:00,68.02,909.0909090909138,100.0,200.0,68.24000000000001,68.2232,68.25680000000001,3.0
LH_to_LL,short,299,300,304,2024-12-05 06:58:00,68.05,68.32,299,2024-12-05 07:05:00,68.03,370.37037037037584,100.0,7.407407407406043,68.1392,68.1224,68.156,7.0
LH_to_LL,short,317,318,324,2024-12-05 09:31:00,68.89,69.05,317,2024-12-05 09:48:00,68.79,625.0000000000133,100.0,62.499999999997776,68.9792,68.9624,68.99600000000001,7.0
LH_to_LL,short,329,330,332,2024-12-05 10:40:00,68.7,68.82,329,2024-12-05 10:44:00,68.52,833.3333333334004,100.0,150.00000000001776,68.7104,68.6936,68.72720000000001,3.0
LH_to_LL,short,331,332,334,2024-12-05 10:46:00,68.64,68.71,331,2024-12-05 11:28:00,68.27,1428.5714285715678,100.0,528.5714285714865,68.6096,68.5928,68.6264,4.0
LH_to_LL,short,335,336,340,2024-12-05 11:38:00,68.3,68.39,335,2024-12-05 12:21:00,68.41,1111.111111111069,100.0,-122.22222222221696,68.24000000000001,68.2232,68.25680000000001,5.0
LH_to_LL,short,341,342,344,2024-12-05 12:39:00,68.41,68.49,341,2024-12-05 12:46:00,68.25,1250.0000000000266,100.0,200.0,68.44160000000001,68.4248,68.45840000000001,9.0
LH_to_LL,short,343,344,346,2024-12-05 12:47:00,68.27,68.42,343,2024-12-05 13:03:00,68.21,666.6666666666414,100.0,40.0,68.24000000000001,68.2232,68.25680000000001,7.0
LH_to_LL,short,345,346,352,2024-12-05 13:04:00,68.24,68.34,345,2024-12-05 14:29:00,68.28,999.9999999999147,100.0,-40.00000000000284,68.24000000000001,68.2232,68.25680000000001,12.0
LH_to_LL,short,351,352,356,2024-12-05 14:39:00,68.42,68.46,351,2024-12-05 15:32:00,68.44,2500.0000000004975,100.0,-50.0,68.44160000000001,68.4248,68.45840000000001,15.0
LH_to_LL,short,357,358,360,2024-12-05 16:06:00,68.48,68.52,357,2024-12-05 16:45:00,68.4,2500.0000000004975,100.0,200.00000000003553,68.44160000000001,68.4248,68.45840000000001,16.0
LH_to_LL,short,361,362,366,2024-12-05 18:19:00,68.42,68.47,361,2024-12-05 21:02:00,68.02,2000.0000000001137,100.0,800.0000000000568,68.44160000000001,68.4248,68.45840000000001,78.0
LH_to_LL,short,373,374,376,2024-12-06 03:51:00,68.12,68.37,373,2024-12-06 03:57:00,68.02,400.0,100.0,40.00000000000341,68.1392,68.1224,68.156,14.0
LH_to_LL,short,377,378,382,2024-12-06 04:06:00,68.09,68.1,377,2024-12-06 04:21:00,67.97,10000.000000009095,100.0,1200.0000000011369,68.072,68.0552,68.0888,4.0
LH_to_LL,short,381,382,384,2024-12-06 04:22:00,67.99,68.06,381,2024-12-06 04:46:00,67.97,1428.5714285712777,100.0,28.57142857141987,67.97120000000001,67.9544,67.98800000000001,3.0
LH_to_LL,short,385,386,388,2024-12-06 05:16:00,67.92,68.11,385,2024-12-06 06:03:00,67.56,526.3157894736905,100.0,189.4736842105283,67.90400000000001,67.8872,67.92080000000001,20.0
LH_to_LL,short,387,388,392,2024-12-06 06:32:00,67.67,67.98,387,2024-12-06 07:16:00,67.58,322.580645161288,100.0,29.032258064517016,67.70240000000001,67.68560000000001,67.71920000000001,41.0
LH_to_LL,short,411,412,414,2024-12-06 09:21:00,67.58,67.64,411,2024-12-06 09:43:00,67.25,1666.6666666666035,100.0,549.9999999999764,67.56800000000001,67.55120000000001,67.58480000000002,6.0
LH_to_LL,short,417,418,420,2024-12-06 10:20:00,67.25,67.38,417,2024-12-06 10:31:00,67.01,769.2307692307961,100.0,184.61538461538714,67.2656,67.2488,67.28240000000001,13.0
LH_to_LL,short,419,420,424,2024-12-06 10:32:00,67.05,67.25,419,2024-12-06 11:24:00,67.28,499.9999999999929,100.0,-115.00000000000036,67.03040000000001,67.01360000000001,67.04720000000002,11.0
LH_to_LL,short,431,432,436,2024-12-06 12:45:00,67.33,67.43,431,2024-12-06 14:58:00,67.07,999.9999999999147,100.0,259.99999999998295,67.3328,67.316,67.34960000000001,7.0
LH_to_LL,short,467,468,470,2024-12-09 04:11:00,68.13,68.2,467,2024-12-09 04:18:00,67.97,1428.5714285712777,100.0,228.57142857139957,68.1392,68.1224,68.156,7.0
LH_to_LL,short,469,470,476,2024-12-09 04:19:00,68.04,68.14,469,2024-12-09 04:42:00,67.96,1000.0000000000568,100.0,80.00000000001705,67.97120000000001,67.9544,67.98800000000001,6.0
LH_to_LL,short,481,482,484,2024-12-09 05:44:00,67.95,68.13,481,2024-12-09 05:55:00,67.89,555.5555555555784,100.0,33.333333333335965,67.9376,67.9208,67.9544,16.0
LH_to_LL,short,483,484,488,2024-12-09 05:56:00,67.92,68.0,483,2024-12-09 06:44:00,68.04,1250.0000000000266,100.0,-150.00000000000887,67.90400000000001,67.8872,67.92080000000001,8.0
LH_to_LL,short,487,488,490,2024-12-09 06:48:00,68.12,68.16,487,2024-12-09 07:25:00,68.0,2500.0000000004975,100.0,300.00000000007105,68.1392,68.1224,68.156,12.0
LH_to_LL,short,489,490,500,2024-12-09 07:27:00,68.06,68.12,489,2024-12-09 09:27:00,68.16,1666.6666666666035,100.0,-166.66666666665088,68.072,68.0552,68.0888,36.0
LH_to_LL,short,501,502,504,2024-12-09 09:35:00,68.23,68.24,501,2024-12-09 09:40:00,68.09,10000.000000009095,100.0,1400.000000001279,68.1392,68.1224,68.156,3.0
LH_to_LL,short,523,524,526,2024-12-09 14:06:00,68.47,68.6,523,2024-12-09 14:29:00,68.35,769.2307692307961,100.0,92.30769230769903,68.44160000000001,68.4248,68.45840000000001,20.0
LH_to_LL,short,525,526,528,2024-12-09 14:31:00,68.45,68.55,525,2024-12-09 14:55:00,68.23,1000.0000000000568,100.0,220.00000000001137,68.44160000000001,68.4248,68.45840000000001,15.0
LH_to_LL,short,527,528,530,2024-12-09 14:56:00,68.25,68.46,527,2024-12-09 16:19:00,68.11,476.19047619049036,100.0,66.66666666666892,68.24000000000001,68.2232,68.25680000000001,24.0
LH_to_LL,short,529,530,536,2024-12-09 16:22:00,68.13,68.31,529,2024-12-09 21:04:00,68.17,555.5555555555345,100.0,-22.222222222224854,68.1392,68.1224,68.156,79.0
LH_to_LL,short,535,536,538,2024-12-09 21:09:00,68.26,68.27,535,2024-12-09 22:27:00,68.03,10000.000000009095,100.0,2300.000000002132,68.24000000000001,68.2232,68.25680000000001,19.0
LH_to_LL,short,537,538,540,2024-12-09 22:32:00,68.13,68.26,537,2024-12-10 01:04:00,67.91,769.2307692307121,100.0,169.23076923075578,68.1392,68.1224,68.156,78.0
LH_to_LL,short,539,540,544,2024-12-10 01:06:00,67.94,68.13,539,2024-12-10 02:42:00,67.97,526.3157894736905,100.0,-15.789473684211314,67.9376,67.9208,67.9544,132.0
LH_to_LL,short,551,552,556,2024-12-10 04:57:00,68.12,68.36,551,2024-12-10 05:32:00,67.97,416.66666666667555,100.0,62.5000000000037,68.1392,68.1224,68.156,26.0
LH_to_LL,short,555,556,558,2024-12-10 05:33:00,67.99,68.19,555,2024-12-10 06:03:00,67.73,499.9999999999929,100.0,129.9999999999936,67.97120000000001,67.9544,67.98800000000001,8.0
LH_to_LL,short,557,558,562,2024-12-10 06:05:00,67.77,68.06,557,2024-12-10 06:57:00,67.92,344.8275862068891,100.0,-51.72413793103533,67.76960000000001,67.75280000000001,67.78640000000001,23.0
LH_to_LL,short,561,562,576,2024-12-10 06:58:00,67.95,68.01,561,2024-12-10 09:28:00,68.4,1666.6666666666035,100.0,-749.9999999999764,67.9376,67.9208,67.9544,19.0
LH_to_LL,short,575,576,578,2024-12-10 09:29:00,68.39,68.54,575,2024-12-10 09:40:00,68.28,666.6666666666414,100.0,73.33333333333017,68.44160000000001,68.4248,68.45840000000001,8.0
LH_to_LL,short,593,594,596,2024-12-10 13:18:00,68.74,68.94,593,2024-12-10 13:48:00,68.68,499.9999999999929,100.0,29.999999999993605,68.7104,68.6936,68.72720000000001,18.0
LH_to_LL,short,595,596,600,2024-12-10 13:49:00,68.69,68.79,595,2024-12-10 14:54:00,68.31,999.9999999999147,100.0,379.99999999996305,68.7104,68.6936,68.72720000000001,23.0
LH_to_LL,short,623,624,628,2024-12-11 06:29:00,69.18,69.34,623,2024-12-11 07:48:00,69.42,625.0000000000133,100.0,-150.0,69.1472,69.1304,69.164,23.0
LH_to_LL,short,629,630,636,2024-12-11 08:22:00,69.46,69.49,629,2024-12-11 09:01:00,69.38,3333.333333333207,100.0,266.6666666666509,69.4832,69.4664,69.5,14.0
LH_to_LL,short,639,640,644,2024-12-11 09:14:00,69.42,69.46,639,2024-12-11 09:41:00,69.19,2500.0000000004975,100.0,575.0000000001244,69.3824,69.3656,69.39920000000001,2.0
LH_to_LL,short,651,652,662,2024-12-11 10:45:00,69.16,69.56,651,2024-12-11 12:34:00,69.9,249.99999999999645,100.0,-184.99999999999963,69.1472,69.1304,69.164,10.0
LH_to_LL,short,669,670,672,2024-12-11 14:30:00,70.32,70.39,669,2024-12-11 16:41:00,70.26,1428.5714285712777,100.0,85.7142857142596,70.3232,70.3064,70.34,2.0
LH_to_LL,short,675,676,688,2024-12-11 21:39:00,70.27,70.41,675,2024-12-12 04:10:00,70.46,714.2857142857114,100.0,-135.71428571428353,70.28960000000001,70.2728,70.30640000000001,54.0
LH_to_LL,short,693,694,700,2024-12-12 06:32:00,70.25,70.36,693,2024-12-12 08:39:00,70.11,909.0909090909138,100.0,127.27272727272845,70.28960000000001,70.2728,70.30640000000001,11.0
LH_to_LL,short,703,704,706,2024-12-12 09:16:00,69.9,70.28,703,2024-12-12 09:42:00,69.7,263.15789473684526,100.0,52.6315789473698,69.92,69.9032,69.9368,14.0
LH_to_LL,short,705,706,708,2024-12-12 09:49:00,69.76,70.02,705,2024-12-12 10:12:00,69.33,384.61538461539806,100.0,165.3846153846238,69.81920000000001,69.8024,69.83600000000001,21.0
LH_to_LL,short,709,710,716,2024-12-12 10:21:00,69.37,69.41,709,2024-12-12 10:40:00,69.25,2500.0000000004975,100.0,300.00000000007105,69.3824,69.3656,69.39920000000001,3.0
LH_to_LL,short,721,722,734,2024-12-12 11:14:00,69.19,69.4,721,2024-12-12 13:41:00,70.17,476.1904761904581,100.0,-466.6666666666509,69.1808,69.164,69.19760000000001,19.0
LH_to_LL,short,735,736,738,2024-12-12 13:58:00,70.17,70.25,735,2024-12-12 14:13:00,69.98,1250.0000000000266,100.0,237.50000000000222,70.1216,70.1048,70.1384,13.0
LH_to_LL,short,737,738,744,2024-12-12 14:22:00,70.02,70.2,737,2024-12-12 18:32:00,69.88,555.5555555555345,100.0,77.77777777777514,70.08800000000001,70.0712,70.10480000000001,1.0
LH_to_LL,short,759,760,762,2024-12-13 04:01:00,70.11,70.19,759,2024-12-13 04:04:00,69.98,1250.0000000000266,100.0,162.49999999999778,70.08800000000001,70.0712,70.10480000000001,5.0
LH_to_LL,short,761,762,768,2024-12-13 04:06:00,70.07,70.12,761,2024-12-13 07:33:00,70.47,1999.9999999995453,100.0,-799.9999999998295,70.08800000000001,70.0712,70.10480000000001,3.0
LH_to_LL,short,775,776,782,2024-12-13 09:08:00,70.28,70.38,775,2024-12-13 10:29:00,70.48,1000.0000000000568,100.0,-200.0000000000142,70.28960000000001,70.2728,70.30640000000001,3.0
LH_to_LL,short,781,782,788,2024-12-13 10:36:00,70.65,70.71,781,2024-12-13 11:14:00,70.72,1666.6666666669983,100.0,-116.66666666667851,70.6928,70.676,70.70960000000001,13.0
LH_to_LL,short,797,798,800,2024-12-13 14:08:00,71.22,71.32,797,2024-12-13 15:13:00,71.13,1000.0000000000568,100.0,90.00000000000853,71.2304,71.2136,71.2472,11.0
LH_to_LL,short,815,816,818,2024-12-16 00:05:00,70.93,71.06,815,2024-12-16 01:14:00,70.8,769.2307692307961,100.0,100.00000000001093,70.928,70.9112,70.9448,48.0
LH_to_LL,short,817,818,826,2024-12-16 01:29:00,70.85,71.0,817,2024-12-16 04:00:00,70.61,666.6666666666414,100.0,159.99999999999054,70.8608,70.844,70.8776,96.0
LH_to_LL,short,827,828,832,2024-12-16 04:33:00,70.69,70.7,827,2024-12-16 04:48:00,70.53,9999.999999994885,100.0,1599.9999999991476,70.6928,70.676,70.70960000000001,13.0
LH_to_LL,short,833,834,838,2024-12-16 05:01:00,70.57,70.62,833,2024-12-16 06:18:00,70.38,1999.9999999995453,100.0,379.99999999990905,70.5584,70.5416,70.57520000000001,9.0
LH_to_LL,short,837,838,848,2024-12-16 06:40:00,70.53,70.64,837,2024-12-16 10:01:00,70.77,909.0909090909138,100.0,-218.18181818181466,70.5584,70.5416,70.57520000000001,29.0
LH_to_LL,short,853,854,856,2024-12-16 10:57:00,70.89,71.06,853,2024-12-16 11:08:00,70.8,588.2352941176412,100.0,52.94117647058971,70.8608,70.844,70.8776,6.0
LH_to_LL,short,855,856,858,2024-12-16 11:10:00,70.83,70.94,855,2024-12-16 11:30:00,70.51,909.0909090909138,100.0,290.9090909090862,70.8608,70.844,70.8776,10.0
LH_to_LL,short,857,858,866,2024-12-16 12:25:00,70.85,70.87,857,2024-12-16 13:39:00,70.66,4999.9999999974425,100.0,949.9999999995027,70.8608,70.844,70.8776,19.0
LH_to_LL,short,867,868,870,2024-12-16 14:22:00,70.75,70.77,867,2024-12-16 14:28:00,70.58,5000.000000000995,100.0,850.0000000001777,70.76,70.7432,70.77680000000001,30.0
LH_to_LL,short,877,878,882,2024-12-16 20:51:00,70.28,70.34,877,2024-12-16 22:14:00,70.17,1666.6666666666035,100.0,183.33333333332544,70.28960000000001,70.2728,70.30640000000001,18.0
LH_to_LL,short,887,888,896,2024-12-17 04:36:00,69.81,70.11,887,2024-12-17 05:27:00,69.62,333.3333333333365,100.0,63.33333333333318,69.81920000000001,69.8024,69.83600000000001,33.0
LH_to_LL,short,905,906,912,2024-12-17 08:05:00,69.65,69.69,905,2024-12-17 08:37:00,69.44,2500.0000000004975,100.0,525.0000000001244,69.6512,69.6344,69.668,16.0
LH_to_LL,short,921,922,926,2024-12-17 09:43:00,69.14,69.32,921,2024-12-17 10:04:00,69.17,555.5555555555784,100.0,-16.666666666667982,69.1472,69.1304,69.164,5.0
LH_to_LL,short,925,926,930,2024-12-17 10:05:00,69.18,69.35,925,2024-12-17 10:26:00,69.01,588.2352941176904,100.0,100.00000000000837,69.1808,69.164,69.19760000000001,8.0
LH_to_LL,short,929,930,934,2024-12-17 10:29:00,69.15,69.26,929,2024-12-17 10:49:00,68.88,909.0909090909138,100.0,245.454545454556,69.1472,69.1304,69.164,8.0
LH_to_LL,short,935,936,944,2024-12-17 10:59:00,68.89,68.96,935,2024-12-17 12:14:00,69.16,1428.5714285715678,100.0,-385.7142857143176,68.912,68.8952,68.92880000000001,8.0
LH_to_LL,short,947,948,954,2024-12-17 13:33:00,69.45,69.52,947,2024-12-17 20:07:00,69.65,1428.5714285715678,100.0,-285.7142857143176,69.4832,69.4664,69.5,11.0
LH_to_LL,short,969,970,974,2024-12-18 06:05:00,70.08,70.28,969,2024-12-18 08:40:00,70.19,499.9999999999929,100.0,-54.999999999998934,70.08800000000001,70.0712,70.10480000000001,32.0
LH_to_LL,short,973,974,976,2024-12-18 08:55:00,70.29,70.37,973,2024-12-18 09:06:00,70.15,1250.0000000000266,100.0,175.00000000000443,70.28960000000001,70.2728,70.30640000000001,9.0
LH_to_LL,short,1003,1004,1006,2024-12-18 14:24:00,70.09,70.22,1003,2024-12-18 14:31:00,69.95,769.2307692307961,100.0,107.6923076923119,70.1216,70.1048,70.1384,9.0
LH_to_LL,short,1005,1006,1008,2024-12-18 14:34:00,70.03,70.17,1005,2024-12-18 15:14:00,69.59,714.2857142857114,100.0,314.2857142857114,70.08800000000001,70.0712,70.10480000000001,5.0
LH_to_LL,short,1009,1010,1022,2024-12-18 20:06:00,69.64,69.68,1009,2024-12-18 20:36:00,69.57,2499.9999999996094,100.0,174.99999999999113,69.6512,69.6344,69.668,29.0
LH_to_LL,short,1023,1024,1028,2024-12-18 21:58:00,69.64,69.66,1023,2024-12-19 00:28:00,69.46,5000.000000000995,100.0,900.0000000002132,69.6512,69.6344,69.668,38.0
LH_to_LL,short,1047,1048,1056,2024-12-19 07:31:00,69.81,69.88,1047,2024-12-19 09:31:00,70.34,1428.5714285715678,100.0,-757.1428571429326,69.81920000000001,69.8024,69.83600000000001,7.0
LH_to_LL,short,1055,1056,1058,2024-12-19 09:35:00,70.4,70.53,1055,2024-12-19 09:46:00,70.27,769.2307692307961,100.0,100.00000000001093,70.4576,70.4408,70.4744,10.0
LH_to_LL,short,1059,1060,1062,2024-12-19 09:57:00,70.28,70.41,1059,2024-12-19 10:17:00,69.91,769.2307692307961,100.0,284.61538461539806,70.28960000000001,70.2728,70.30640000000001,4.0
LH_to_LL,short,1061,1062,1068,2024-12-19 10:18:00,69.94,70.34,1061,2024-12-19 10:37:00,69.81,249.99999999999645,100.0,32.4999999999984,69.92,69.9032,69.9368,16.0
LH_to_LL,short,1069,1070,1072,2024-12-19 10:51:00,69.83,69.9,1069,2024-12-19 11:02:00,69.63,1428.5714285712777,100.0,285.7142857142596,69.81920000000001,69.8024,69.83600000000001,11.0
LH_to_LL,short,1075,1076,1080,2024-12-19 11:27:00,69.55,69.61,1075,2024-12-19 11:42:00,69.28,1666.6666666666035,100.0,449.9999999999763,69.55040000000001,69.5336,69.56720000000001,2.0
LH_to_LL,short,1085,1086,1088,2024-12-19 12:34:00,69.37,69.43,1085,2024-12-19 12:47:00,69.23,1666.6666666666035,100.0,233.33333333332544,69.3824,69.3656,69.39920000000001,7.0
LH_to_LL,short,1087,1088,1096,2024-12-19 12:48:00,69.24,69.41,1087,2024-12-19 14:14:00,69.21,588.2352941176412,100.0,17.647058823529903,69.248,69.2312,69.26480000000001,10.0
LH_to_LL,short,1095,1096,1098,2024-12-19 14:15:00,69.29,69.47,1095,2024-12-19 15:13:00,69.17,555.5555555555784,100.0,66.66666666667193,69.248,69.2312,69.26480000000001,18.0
LH_to_LL,short,1097,1098,1100,2024-12-19 15:14:00,69.2,69.4,1097,2024-12-19 15:38:00,69.13,499.9999999999929,100.0,35.0000000000032,69.1808,69.164,69.19760000000001,44.0
LH_to_LL,short,1099,1100,1102,2024-12-19 15:39:00,69.14,69.25,1099,2024-12-19 16:01:00,69.1,909.0909090909138,100.0,36.363636363642236,69.1472,69.1304,69.164,21.0
LH_to_LL,short,1101,1102,1104,2024-12-19 16:03:00,69.13,69.19,1101,2024-12-19 20:22:00,69.03,1666.6666666666035,100.0,166.66666666665088,69.1472,69.1304,69.164,14.0
LH_to_LL,short,1109,1110,1118,2024-12-19 23:03:00,68.96,69.06,1109,2024-12-20 03:01:00,68.89,999.9999999999147,100.0,69.99999999998721,68.9792,68.9624,68.99600000000001,30.0
LH_to_LL,short,1117,1118,1122,2024-12-20 03:30:00,69.06,69.09,1117,2024-12-20 04:07:00,68.79,3333.333333333207,100.0,899.9999999999526,69.08,69.0632,69.0968,33.0
LH_to_LL,short,1123,1124,1126,2024-12-20 04:38:00,68.73,68.85,1123,2024-12-20 05:03:00,68.63,833.3333333334004,100.0,83.33333333334716,68.7104,68.6936,68.72720000000001,27.0
LH_to_LL,short,1125,1126,1128,2024-12-20 05:06:00,68.66,68.81,1125,2024-12-20 05:31:00,68.59,666.6666666666414,100.0,46.66666666666035,68.7104,68.6936,68.72720000000001,10.0
LH_to_LL,short,1127,1128,1132,2024-12-20 05:32:00,68.64,68.71,1127,2024-12-20 06:04:00,68.58,1428.5714285715678,100.0,85.71428571429732,68.6096,68.5928,68.6264,20.0
LH_to_LL,short,1133,1134,1138,2024-12-20 06:59:00,68.51,68.65,1133,2024-12-20 09:01:00,68.65,714.2857142857114,100.0,-100.0,68.50880000000001,68.492,68.52560000000001,41.0
LH_to_LL,short,1141,1142,1162,2024-12-20 09:50:00,68.54,68.76,1141,2024-12-20 14:08:00,69.44,454.5454545454569,100.0,-409.0909090909073,68.50880000000001,68.492,68.52560000000001,7.0
LH_to_LL,short,1163,1164,1176,2024-12-20 14:55:00,69.46,69.55,1163,2024-12-22 22:22:00,69.75,1111.111111111069,100.0,-322.22222222221694,69.4832,69.4664,69.5,19.0
LH_to_LL,short,1177,1178,1182,2024-12-23 01:25:00,69.79,69.9,1177,2024-12-23 03:05:00,69.64,909.0909090909138,100.0,136.36363636364223,69.81920000000001,69.8024,69.83600000000001,116.0
LH_to_LL,short,1183,1184,1190,2024-12-23 03:43:00,69.71,69.79,1183,2024-12-23 04:05:00,69.68,1249.9999999998047,100.0,37.499999999977796,69.7184,69.7016,69.7352,21.0
LH_to_LL,short,1189,1190,1194,2024-12-23 04:06:00,69.71,69.8,1189,2024-12-23 05:05:00,69.42,1111.111111111069,100.0,322.2222222222012,69.7184,69.7016,69.7352,7.0
LH_to_LL,short,1195,1196,1198,2024-12-23 05:50:00,69.25,69.54,1195,2024-12-23 06:04:00,69.18,344.8275862068891,100.0,24.137931034479887,69.248,69.2312,69.26480000000001,34.0
LH_to_LL,short,1197,1198,1202,2024-12-23 06:05:00,69.23,69.29,1197,2024-12-23 07:00:00,69.17,1666.6666666666035,100.0,100.0,69.1808,69.164,69.19760000000001,12.0
LH_to_LL,short,1205,1206,1210,2024-12-23 08:55:00,69.14,69.23,1205,2024-12-23 09:00:00,69.04,1111.111111111069,100.0,111.11111111110058,69.1472,69.1304,69.164,20.0
LH_to_LL,short,1217,1218,1220,2024-12-23 09:54:00,69.11,69.18,1217,2024-12-23 10:00:00,69.06,1428.5714285712777,100.0,71.42857142855982,69.1472,69.1304,69.164,1.0
LH_to_LL,short,1225,1226,1230,2024-12-23 11:01:00,68.76,68.91,1225,2024-12-23 11:51:00,68.6,666.6666666667046,100.0,106.66666666667993,68.7104,68.6936,68.72720000000001,21.0
LH_to_LL,short,1229,1230,1238,2024-12-23 12:04:00,68.69,68.79,1229,2024-12-23 14:29:00,69.22,999.9999999999147,100.0,-529.9999999999559,68.7104,68.6936,68.72720000000001,14.0
LH_to_LL,short,1249,1250,1260,2024-12-23 23:18:00,69.47,69.5,1249,2024-12-24 03:41:00,69.63,3333.333333333207,100.0,-533.3333333333018,69.4832,69.4664,69.5,42.0
LH_to_LL,short,1259,1260,1262,2024-12-24 03:46:00,69.71,69.75,1259,2024-12-24 05:04:00,69.58,2499.9999999996094,100.0,324.99999999993787,69.7184,69.7016,69.7352,5.0
LH_to_LL,short,1267,1268,1274,2024-12-24 07:29:00,69.82,69.94,1267,2024-12-24 08:17:00,69.66,833.3333333333018,100.0,133.33333333332544,69.81920000000001,69.8024,69.83600000000001,28.0
LH_to_LL,short,1273,1274,1282,2024-12-24 08:19:00,69.72,69.81,1273,2024-12-24 09:15:00,70.08,1111.111111111069,100.0,-399.9999999999842,69.7184,69.7016,69.7352,17.0
LH_to_LL,short,1281,1282,1284,2024-12-24 09:16:00,70.14,70.25,1281,2024-12-24 09:38:00,69.92,909.0909090909138,100.0,200.0,70.1216,70.1048,70.1384,5.0
LH_to_LL,short,1283,1284,1292,2024-12-24 09:42:00,70.08,70.2,1283,2024-12-24 12:15:00,70.12,833.3333333333018,100.0,-33.33333333333728,70.08800000000001,70.0712,70.10480000000001,19.0
LH_to_LL,short,1293,1294,1296,2024-12-24 13:07:00,70.07,70.22,1293,2024-12-24 13:26:00,69.95,666.6666666666414,100.0,79.99999999999052,70.08800000000001,70.0712,70.10480000000001,39.0
LH_to_LL,short,1295,1296,1304,2024-12-24 13:27:00,69.96,70.08,1295,2024-12-25 21:44:00,70.21,833.3333333333018,100.0,-208.33333333332544,69.9872,69.9704,70.004,18.0
LH_to_LL,short,1325,1326,1330,2024-12-26 10:46:00,70.09,70.23,1325,2024-12-26 11:30:00,70.04,714.2857142857114,100.0,35.71428571428354,70.08800000000001,70.0712,70.10480000000001,20.0
LH_to_LL,short,1329,1330,1332,2024-12-26 11:31:00,70.09,70.2,1329,2024-12-26 11:48:00,69.89,909.0909090909138,100.0,181.81818181818534,70.08800000000001,70.0712,70.10480000000001,9.0
LH_to_LL,short,1331,1332,1334,2024-12-26 11:49:00,69.95,70.12,1331,2024-12-26 12:31:00,69.83,588.2352941176412,100.0,70.58823529411961,69.92,69.9032,69.9368,10.0
LH_to_LL,short,1333,1334,1336,2024-12-26 12:32:00,69.86,70.03,1333,2024-12-26 13:30:00,69.67,588.2352941176412,100.0,111.76470588235048,69.8528,69.836,69.8696,30.0
LH_to_LL,short,1335,1336,1338,2024-12-26 13:37:00,69.82,69.93,1335,2024-12-26 14:24:00,69.41,909.0909090907963,100.0,372.7272727272234,69.81920000000001,69.8024,69.83600000000001,29.0
LH_to_LL,short,1349,1350,1354,2024-12-26 22:43:00,69.61,69.65,1349,2024-12-27 01:36:00,69.51,2499.9999999996094,100.0,249.99999999994674,69.61760000000001,69.6008,69.63440000000001,23.0
LH_to_LL,short,1353,1354,1364,2024-12-27 02:04:00,69.64,69.66,1353,2024-12-27 04:17:00,69.67,5000.000000000995,100.0,-150.00000000003553,69.6512,69.6344,69.668,45.0
LH_to_LL,short,1363,1364,1376,2024-12-27 04:23:00,69.82,69.86,1363,2024-12-27 06:57:00,70.13,2499.9999999996094,100.0,-774.9999999998846,69.81920000000001,69.8024,69.83600000000001,19.0
LH_to_LL,short,1375,1376,1382,2024-12-27 06:58:00,70.13,70.25,1375,2024-12-27 08:10:00,70.17,833.3333333333018,100.0,-33.33333333333728,70.1216,70.1048,70.1384,4.0
LH_to_LL,short,1381,1382,1392,2024-12-27 08:11:00,70.22,70.28,1381,2024-12-27 10:16:00,70.09,1666.6666666666035,100.0,216.66666666665088,70.1888,70.172,70.2056,5.0
LH_to_LL,short,1409,1410,1418,2024-12-30 01:47:00,70.56,70.58,1409,2024-12-30 02:30:00,70.5,5000.000000000995,100.0,300.00000000007105,70.5584,70.5416,70.57520000000001,72.0
LH_to_LL,short,1425,1426,1430,2024-12-30 04:01:00,70.28,70.38,1425,2024-12-30 05:13:00,70.32,1000.0000000000568,100.0,-39.999999999994316,70.28960000000001,70.2728,70.30640000000001,6.0
LH_to_LL,short,1485,1486,1494,2024-12-31 05:10:00,71.44,71.47,1485,2024-12-31 07:34:00,71.21,3333.333333333207,100.0,766.6666666666509,71.4656,71.44879999999999,71.4824,20.0
LH_to_LL,short,1495,1496,1506,2024-12-31 08:26:00,71.01,71.29,1495,2024-12-31 09:52:00,71.31,357.1428571428557,100.0,-107.14285714285569,71.0624,71.0456,71.0792,37.0
LH_to_LL,short,1505,1506,1512,2024-12-31 09:57:00,71.45,71.52,1505,2024-12-31 10:35:00,71.53,1428.5714285715678,100.0,-114.28571428572299,71.4656,71.44879999999999,71.4824,8.0
LH_to_LL,short,1511,1512,1520,2024-12-31 10:36:00,71.57,71.64,1511,2024-12-31 12:03:00,71.66,1428.5714285712777,100.0,-128.57142857141986,71.5664,71.5496,71.5832,4.0
