from_leg_id,from_datetime,from_label,from_pivot_side,from_price,to_leg_id,to_datetime,to_label,to_pivot_side,to_price,price_change,pct_change,time_delta_minutes,threshold_pct
9,2024-12-01 19:01:00,LH,High,68.33,10,2024-12-01 20:04:00,LL,Low,67.99,-0.3400000000000034,-0.004975852480608833,63.0,0.001
17,2024-12-01 22:37:00,LH,High,68.43,18,2024-12-01 23:50:00,LL,Low,68.3,-0.13000000000000966,-0.0018997515709485713,73.0,0.001
29,2024-12-02 02:51:00,LH,High,68.57,30,2024-12-02 03:03:00,LL,Low,68.35,-0.21999999999999886,-0.0032084001750036784,12.0,0.001
49,2024-12-02 05:23:00,LH,High,68.68,50,2024-12-02 05:33:00,LL,Low,68.54,-0.14000000000000057,-0.002038439138031478,10.0,0.001
61,2024-12-02 07:33:00,LH,High,68.86,62,2024-12-02 07:51:00,LL,Low,68.66,-0.20000000000000284,-0.002904443799012557,18.0,0.001
69,2024-12-02 09:10:00,LH,High,69.07,70,2024-12-02 09:18:00,LL,Low,68.77,-0.29999999999999716,-0.004343419719125441,8.0,0.001
71,2024-12-02 09:30:00,LH,High,68.89,72,2024-12-02 09:45:00,LL,Low,68.35,-0.5400000000000063,-0.007838583248657383,15.0,0.001
73,2024-12-02 09:49:00,LH,High,68.42,74,2024-12-02 09:57:00,LL,Low,68.2,-0.21999999999999886,-0.003215434083601254,8.0,0.001
75,2024-12-02 10:05:00,LH,High,68.41,76,2024-12-02 10:17:00,LL,Low,68.16,-0.25,-0.0036544364858939193,12.0,0.001
79,2024-12-02 10:49:00,LH,High,68.37,80,2024-12-02 10:52:00,LL,Low,68.29,-0.0799999999999983,-0.0011701038467163416,3.0,0.001
83,2024-12-02 11:07:00,LH,High,68.46,84,2024-12-02 11:28:00,LL,Low,67.9,-0.5599999999999881,-0.008179959100204304,21.0,0.001
85,2024-12-02 11:31:00,LH,High,68.1,86,2024-12-02 11:44:00,LL,Low,67.83,-0.269999999999996,-0.003964757709251088,13.0,0.001
87,2024-12-02 11:48:00,LH,High,67.96,88,2024-12-02 12:04:00,LL,Low,67.74,-0.21999999999999886,-0.0032371983519717817,16.0,0.001
95,2024-12-02 13:10:00,LH,High,68.05,96,2024-12-02 13:43:00,LL,Low,67.82,-0.23000000000000398,-0.0033798677443057645,33.0,0.001
109,2024-12-02 21:17:00,LH,High,68.07,110,2024-12-02 21:44:00,LL,Low,67.92,-0.14999999999999147,-0.0022036139268398758,27.0,0.001
115,2024-12-02 23:51:00,LH,High,68.21,116,2024-12-03 00:13:00,LL,Low,68.12,-0.0899999999999892,-0.001319454625421379,22.0,0.001
133,2024-12-03 05:53:00,LH,High,68.84,134,2024-12-03 05:58:00,LL,Low,68.66,-0.18000000000000682,-0.0026147588611273864,5.0,0.001
153,2024-12-03 09:03:00,LH,High,69.32,154,2024-12-03 09:06:00,LL,Low,69.07,-0.25,-0.003606462781304054,3.0,0.001
155,2024-12-03 09:20:00,LH,High,69.19,156,2024-12-03 09:38:00,LL,Low,68.75,-0.4399999999999977,-0.006359300476947549,18.0,0.001
169,2024-12-03 11:07:00,LH,High,69.73,170,2024-12-03 11:09:00,LL,Low,69.57,-0.1600000000000108,-0.002294564749749206,2.0,0.001
177,2024-12-03 13:03:00,LH,High,69.98,178,2024-12-03 13:11:00,LL,Low,69.78,-0.20000000000000284,-0.002857959416976308,8.0,0.001
187,2024-12-03 15:15:00,LH,High,70.08,188,2024-12-03 16:32:00,LL,Low,69.89,-0.18999999999999773,-0.002711187214611832,77.0,0.001
195,2024-12-03 22:11:00,LH,High,70.02,196,2024-12-03 22:29:00,LL,Low,69.92,-0.09999999999999432,-0.001428163381890779,18.0,0.001
201,2024-12-04 03:30:00,LH,High,70.14,202,2024-12-04 03:39:00,LL,Low,69.96,-0.18000000000000682,-0.0025662959794697793,9.0,0.001
203,2024-12-04 03:41:00,LH,High,70.07,204,2024-12-04 03:55:00,LL,Low,69.88,-0.18999999999999773,-0.002711574140145556,14.0,0.001
207,2024-12-04 04:16:00,LH,High,70.07,208,2024-12-04 04:18:00,LL,Low,69.96,-0.10999999999999943,-0.0015698587127158659,2.0,0.001
215,2024-12-04 06:23:00,LH,High,70.18,216,2024-12-04 06:32:00,LL,Low,70.04,-0.14000000000000057,-0.001994870333428378,9.0,0.001
217,2024-12-04 06:57:00,LH,High,70.15,218,2024-12-04 07:22:00,LL,Low,69.79,-0.35999999999999943,-0.005131860299358526,25.0,0.001
231,2024-12-04 09:55:00,LH,High,70.15,232,2024-12-04 10:18:00,LL,Low,69.63,-0.5200000000000102,-0.0074126870990736116,23.0,0.001
235,2024-12-04 10:43:00,LH,High,69.88,236,2024-12-04 10:48:00,LL,Low,69.66,-0.21999999999999886,-0.00314825414997133,5.0,0.001
239,2024-12-04 10:59:00,LH,High,69.91,240,2024-12-04 11:24:00,LL,Low,69.47,-0.4399999999999977,-0.006293806322414497,25.0,0.001
245,2024-12-04 12:17:00,LH,High,69.37,246,2024-12-04 12:32:00,LL,Low,69.23,-0.14000000000000057,-0.0020181634712411745,15.0,0.001
251,2024-12-04 13:07:00,LH,High,68.83,252,2024-12-04 13:16:00,LL,Low,68.64,-0.18999999999999773,-0.0027604242336189966,9.0,0.001
255,2024-12-04 13:36:00,LH,High,68.72,256,2024-12-04 13:46:00,LL,Low,68.57,-0.15000000000000568,-0.0021827706635623167,10.0,0.001
267,2024-12-04 21:00:00,LH,High,68.7,268,2024-12-04 21:05:00,LL,Low,68.59,-0.10999999999999943,-0.001601164483260531,5.0,0.001
273,2024-12-04 23:26:00,LH,High,68.63,274,2024-12-05 01:28:00,LL,Low,68.46,-0.1700000000000017,-0.0024770508523969115,122.0,0.001
277,2024-12-05 02:24:00,LH,High,68.66,278,2024-12-05 02:43:00,LL,Low,68.47,-0.18999999999999773,-0.0027672589571803297,19.0,0.001
283,2024-12-05 03:56:00,LH,High,68.79,284,2024-12-05 04:04:00,LL,Low,68.66,-0.13000000000000966,-0.0018898095653439029,8.0,0.001
289,2024-12-05 04:54:00,LH,High,68.94,290,2024-12-05 05:11:00,LL,Low,68.73,-0.20999999999999375,-0.003046127067014681,17.0,0.001
297,2024-12-05 06:44:00,LH,High,68.35,298,2024-12-05 06:47:00,LL,Low,68.22,-0.12999999999999545,-0.0019019751280174857,3.0,0.001
299,2024-12-05 06:49:00,LH,High,68.32,300,2024-12-05 06:56:00,LL,Low,68.02,-0.29999999999999716,-0.0043911007025760895,7.0,0.001
317,2024-12-05 09:09:00,LH,High,69.05,318,2024-12-05 09:16:00,LL,Low,68.78,-0.269999999999996,-0.003910209992758817,7.0,0.001
329,2024-12-05 10:34:00,LH,High,68.82,330,2024-12-05 10:37:00,LL,Low,68.64,-0.1799999999999926,-0.0026155187445509043,3.0,0.001
331,2024-12-05 10:39:00,LH,High,68.71,332,2024-12-05 10:43:00,LL,Low,68.51,-0.19999999999998863,-0.0029107844564107976,4.0,0.001
335,2024-12-05 11:31:00,LH,High,68.39,336,2024-12-05 11:36:00,LL,Low,68.24,-0.15000000000000568,-0.002193303114490508,5.0,0.001
341,2024-12-05 12:22:00,LH,High,68.49,342,2024-12-05 12:31:00,LL,Low,68.29,-0.19999999999998863,-0.0029201343261788804,9.0,0.001
343,2024-12-05 12:38:00,LH,High,68.42,344,2024-12-05 12:45:00,LL,Low,68.24,-0.18000000000000682,-0.002630809704764814,7.0,0.001
345,2024-12-05 12:50:00,LH,High,68.34,346,2024-12-05 13:02:00,LL,Low,68.21,-0.13000000000000966,-0.0019022534386889944,12.0,0.001
351,2024-12-05 14:13:00,LH,High,68.46,352,2024-12-05 14:28:00,LL,Low,68.27,-0.18999999999999773,-0.0027753432661408173,15.0,0.001
357,2024-12-05 15:48:00,LH,High,68.52,358,2024-12-05 16:04:00,LL,Low,68.42,-0.09999999999999432,-0.0014594279042614566,16.0,0.001
361,2024-12-05 16:51:00,LH,High,68.47,362,2024-12-05 18:09:00,LL,Low,68.37,-0.09999999999999432,-0.0014604936468525231,78.0,0.001
373,2024-12-06 03:33:00,LH,High,68.37,374,2024-12-06 03:47:00,LL,Low,68.03,-0.3400000000000034,-0.004972941348544757,14.0,0.001
375,2024-12-06 03:54:00,LH,High,68.14,376,2024-12-06 03:56:00,LL,Low,68.02,-0.12000000000000455,-0.0017610801291459977,2.0,0.001
377,2024-12-06 03:57:00,LH,High,68.1,378,2024-12-06 04:01:00,LL,Low,67.99,-0.10999999999999943,-0.0016152716593245131,4.0,0.001
381,2024-12-06 04:17:00,LH,High,68.06,382,2024-12-06 04:20:00,LL,Low,67.97,-0.09000000000000341,-0.001322362621216655,3.0,0.001
385,2024-12-06 04:54:00,LH,High,68.11,386,2024-12-06 05:14:00,LL,Low,67.86,-0.25,-0.003670532961385975,20.0,0.001
387,2024-12-06 05:21:00,LH,High,67.98,388,2024-12-06 06:02:00,LL,Low,67.57,-0.4100000000000108,-0.006031185642836334,41.0,0.001
411,2024-12-06 09:13:00,LH,High,67.64,412,2024-12-06 09:19:00,LL,Low,67.56,-0.0799999999999983,-0.0011827321111768097,6.0,0.001
417,2024-12-06 10:00:00,LH,High,67.38,418,2024-12-06 10:13:00,LL,Low,67.12,-0.2599999999999909,-0.00385871178391195,13.0,0.001
419,2024-12-06 10:19:00,LH,High,67.25,420,2024-12-06 10:30:00,LL,Low,67.01,-0.23999999999999488,-0.003568773234200684,11.0,0.001
423,2024-12-06 11:11:00,LH,High,67.38,424,2024-12-06 11:23:00,LL,Low,67.27,-0.10999999999999943,-0.0016325319085781498,12.0,0.001
431,2024-12-06 12:36:00,LH,High,67.43,432,2024-12-06 12:43:00,LL,Low,67.32,-0.11000000000001364,-0.0016313213703101903,7.0,0.001
435,2024-12-06 14:09:00,LH,High,67.49,436,2024-12-06 14:57:00,LL,Low,67.07,-0.4200000000000017,-0.006223144169506645,48.0,0.001
453,2024-12-08 22:13:00,LH,High,67.5,454,2024-12-08 22:29:00,LL,Low,67.38,-0.12000000000000455,-0.001777777777777878,16.0,0.001
467,2024-12-09 03:58:00,LH,High,68.2,468,2024-12-09 04:05:00,LL,Low,68.02,-0.18000000000000682,-0.0026392961876834375,7.0,0.001
469,2024-12-09 04:11:00,LH,High,68.14,470,2024-12-09 04:17:00,LL,Low,67.97,-0.1700000000000017,-0.0024948635162900246,6.0,0.001
481,2024-12-09 05:26:00,LH,High,68.13,482,2024-12-09 05:42:00,LL,Low,67.93,-0.19999999999998863,-0.0029355643622485106,16.0,0.001
483,2024-12-09 05:46:00,LH,High,68.0,484,2024-12-09 05:54:00,LL,Low,67.9,-0.09999999999999432,-0.0014705882352940014,8.0,0.001
487,2024-12-09 06:31:00,LH,High,68.16,488,2024-12-09 06:43:00,LL,Low,68.04,-0.11999999999999034,-0.0017605633802815213,12.0,0.001
489,2024-12-09 06:48:00,LH,High,68.12,490,2024-12-09 07:24:00,LL,Low,67.99,-0.13000000000000966,-0.001908396946564972,36.0,0.001
501,2024-12-09 09:30:00,LH,High,68.24,502,2024-12-09 09:33:00,LL,Low,68.13,-0.10999999999999943,-0.0016119577960140852,3.0,0.001
503,2024-12-09 09:35:00,LH,High,68.22,504,2024-12-09 09:39:00,LL,Low,68.1,-0.12000000000000455,-0.0017590149516271136,4.0,0.001
523,2024-12-09 13:44:00,LH,High,68.6,524,2024-12-09 14:04:00,LL,Low,68.43,-0.1699999999999875,-0.0024781341107870114,20.0,0.001
525,2024-12-09 14:13:00,LH,High,68.55,526,2024-12-09 14:28:00,LL,Low,68.34,-0.20999999999999375,-0.0030634573304156865,15.0,0.001
527,2024-12-09 14:30:00,LH,High,68.46,528,2024-12-09 14:54:00,LL,Low,68.23,-0.22999999999998977,-0.0033596260590124105,24.0,0.001
529,2024-12-09 14:59:00,LH,High,68.31,530,2024-12-09 16:18:00,LL,Low,68.1,-0.21000000000000796,-0.0030742204655249683,79.0,0.001
535,2024-12-09 20:44:00,LH,High,68.27,536,2024-12-09 21:03:00,LL,Low,68.17,-0.09999999999999432,-0.0014647722279185205,19.0,0.001
537,2024-12-09 21:08:00,LH,High,68.26,538,2024-12-09 22:26:00,LL,Low,68.03,-0.23000000000000398,-0.003369469674773029,78.0,0.001
539,2024-12-09 22:51:00,LH,High,68.13,540,2024-12-10 01:03:00,LL,Low,67.91,-0.21999999999999886,-0.0032291207984734838,132.0,0.001
551,2024-12-10 04:21:00,LH,High,68.36,552,2024-12-10 04:47:00,LL,Low,68.04,-0.3199999999999932,-0.004681100058513632,26.0,0.001
555,2024-12-10 05:23:00,LH,High,68.19,556,2024-12-10 05:31:00,LL,Low,67.97,-0.21999999999999886,-0.003226279513125041,8.0,0.001
557,2024-12-10 05:39:00,LH,High,68.06,558,2024-12-10 06:02:00,LL,Low,67.73,-0.3299999999999983,-0.004848662944460735,23.0,0.001
561,2024-12-10 06:37:00,LH,High,68.01,562,2024-12-10 06:56:00,LL,Low,67.91,-0.10000000000000853,-0.0014703720041171486,19.0,0.001
575,2024-12-10 09:19:00,LH,High,68.54,576,2024-12-10 09:27:00,LL,Low,68.39,-0.15000000000000568,-0.00218850306390439,8.0,0.001
577,2024-12-10 09:30:00,LH,High,68.47,578,2024-12-10 09:39:00,LL,Low,68.28,-0.18999999999999773,-0.0027749379290199494,9.0,0.001
593,2024-12-10 12:58:00,LH,High,68.94,594,2024-12-10 13:16:00,LL,Low,68.69,-0.25,-0.00362634174644616,18.0,0.001
595,2024-12-10 13:24:00,LH,High,68.79,596,2024-12-10 13:47:00,LL,Low,68.68,-0.10999999999999943,-0.0015990696322140119,23.0,0.001
623,2024-12-11 06:04:00,LH,High,69.34,624,2024-12-11 06:27:00,LL,Low,69.14,-0.20000000000000284,-0.0028843380444188993,23.0,0.001
627,2024-12-11 07:41:00,LH,High,69.59,628,2024-12-11 07:47:00,LL,Low,69.41,-0.18000000000000682,-0.0025865785313983203,6.0,0.001
629,2024-12-11 07:50:00,LH,High,69.49,630,2024-12-11 08:04:00,LL,Low,69.31,-0.1799999999999926,-0.0025903007626996155,14.0,0.001
639,2024-12-11 09:10:00,LH,High,69.46,640,2024-12-11 09:12:00,LL,Low,69.37,-0.0899999999999892,-0.0012957097610133417,2.0,0.001
651,2024-12-11 10:33:00,LH,High,69.56,652,2024-12-11 10:43:00,LL,Low,69.13,-0.4300000000000068,-0.006181713628522267,10.0,0.001
669,2024-12-11 14:26:00,LH,High,70.39,670,2024-12-11 14:28:00,LL,Low,70.29,-0.09999999999999432,-0.0014206563432305197,2.0,0.001
675,2024-12-11 19:58:00,LH,High,70.41,676,2024-12-11 20:52:00,LL,Low,70.16,-0.25,-0.003550632012498278,54.0,0.001
691,2024-12-12 05:00:00,LH,High,70.57,692,2024-12-12 06:03:00,LL,Low,70.24,-0.3299999999999983,-0.004676208020405248,63.0,0.001
693,2024-12-12 06:06:00,LH,High,70.36,694,2024-12-12 06:17:00,LL,Low,70.14,-0.21999999999999886,-0.003126776577600854,11.0,0.001
703,2024-12-12 09:00:00,LH,High,70.28,704,2024-12-12 09:14:00,LL,Low,69.86,-0.4200000000000017,-0.005976095617529875,14.0,0.001
705,2024-12-12 09:20:00,LH,High,70.02,706,2024-12-12 09:41:00,LL,Low,69.69,-0.3299999999999983,-0.0047129391602399595,21.0,0.001
707,2024-12-12 09:51:00,LH,High,69.82,708,2024-12-12 10:11:00,LL,Low,69.33,-0.4899999999999949,-0.007018046405041445,20.0,0.001
709,2024-12-12 10:13:00,LH,High,69.41,710,2024-12-12 10:16:00,LL,Low,69.25,-0.1599999999999966,-0.0023051433511021013,3.0,0.001
721,2024-12-12 10:53:00,LH,High,69.4,722,2024-12-12 11:12:00,LL,Low,69.16,-0.2400000000000091,-0.0034582132564843215,19.0,0.001
733,2024-12-12 13:31:00,LH,High,70.42,734,2024-12-12 13:40:00,LL,Low,70.16,-0.2600000000000051,-0.0036921329167850514,9.0,0.001
735,2024-12-12 13:43:00,LH,High,70.25,736,2024-12-12 13:56:00,LL,Low,70.12,-0.12999999999999545,-0.001850533807829069,13.0,0.001
737,2024-12-12 14:11:00,LH,High,70.2,738,2024-12-12 14:12:00,LL,Low,69.98,-0.21999999999999886,-0.0031339031339031598,1.0,0.001
759,2024-12-13 03:54:00,LH,High,70.19,760,2024-12-13 03:59:00,LL,Low,70.04,-0.14999999999999147,-0.0021370565607635728,5.0,0.001
761,2024-12-13 04:00:00,LH,High,70.12,762,2024-12-13 04:03:00,LL,Low,69.98,-0.14000000000000057,-0.0019965772960639505,3.0,0.001
767,2024-12-13 06:56:00,LH,High,70.72,768,2024-12-13 07:32:00,LL,Low,70.46,-0.2600000000000051,-0.003676470588235392,36.0,0.001
769,2024-12-13 07:46:00,LH,High,70.6,770,2024-12-13 08:20:00,LL,Low,70.25,-0.3499999999999943,-0.004957507082152923,34.0,0.001
773,2024-12-13 08:53:00,LH,High,70.48,774,2024-12-13 09:00:00,LL,Low,70.3,-0.18000000000000682,-0.0025539160045403575,7.0,0.001
775,2024-12-13 09:03:00,LH,High,70.38,776,2024-12-13 09:06:00,LL,Low,70.25,-0.12999999999999545,-0.0018471156578573344,3.0,0.001
781,2024-12-13 10:15:00,LH,High,70.71,782,2024-12-13 10:28:00,LL,Low,70.46,-0.25,-0.0035355678121906653,13.0,0.001
797,2024-12-13 13:55:00,LH,High,71.32,798,2024-12-13 14:06:00,LL,Low,71.19,-0.12999999999999545,-0.001822770611329183,11.0,0.001
803,2024-12-13 16:09:00,LH,High,71.21,804,2024-12-13 16:30:00,LL,Low,71.06,-0.14999999999999147,-0.0021064457239150514,21.0,0.001
805,2024-12-13 16:41:00,LH,High,71.14,806,2024-12-13 16:56:00,LL,Low,71.05,-0.09000000000000341,-0.0012651110486365802,15.0,0.001
815,2024-12-15 21:46:00,LH,High,71.06,816,2024-12-15 22:34:00,LL,Low,70.91,-0.15000000000000568,-0.002110892203771586,48.0,0.001
817,2024-12-15 23:37:00,LH,High,71.0,818,2024-12-16 01:13:00,LL,Low,70.79,-0.20999999999999375,-0.0029577464788731467,96.0,0.001
827,2024-12-16 04:02:00,LH,High,70.7,828,2024-12-16 04:15:00,LL,Low,70.55,-0.15000000000000568,-0.0021216407355022504,13.0,0.001
833,2024-12-16 04:50:00,LH,High,70.62,834,2024-12-16 04:59:00,LL,Low,70.52,-0.10000000000000853,-0.0014160294534127926,9.0,0.001
837,2024-12-16 05:48:00,LH,High,70.64,838,2024-12-16 06:17:00,LL,Low,70.38,-0.2600000000000051,-0.0036806342015855975,29.0,0.001
853,2024-12-16 10:49:00,LH,High,71.06,854,2024-12-16 10:55:00,LL,Low,70.85,-0.21000000000000796,-0.0029552490852801094,6.0,0.001
855,2024-12-16 10:57:00,LH,High,70.94,856,2024-12-16 11:07:00,LL,Low,70.79,-0.14999999999999147,-0.0021144629264165937,10.0,0.001
857,2024-12-16 11:10:00,LH,High,70.87,858,2024-12-16 11:29:00,LL,Low,70.51,-0.35999999999999943,-0.005079723437279471,19.0,0.001
867,2024-12-16 13:43:00,LH,High,70.77,868,2024-12-16 14:13:00,LL,Low,70.63,-0.14000000000000057,-0.001978239366963397,30.0,0.001
877,2024-12-16 20:01:00,LH,High,70.34,878,2024-12-16 20:19:00,LL,Low,70.16,-0.18000000000000682,-0.002558999147000418,18.0,0.001
881,2024-12-16 21:51:00,LH,High,70.3,882,2024-12-16 22:13:00,LL,Low,70.16,-0.14000000000000057,-0.0019914651493598834,22.0,0.001
887,2024-12-17 03:15:00,LH,High,70.11,888,2024-12-17 03:48:00,LL,Low,69.58,-0.5300000000000011,-0.00755954927970337,33.0,0.001
905,2024-12-17 07:15:00,LH,High,69.69,906,2024-12-17 07:31:00,LL,Low,69.42,-0.269999999999996,-0.0038743004735255493,16.0,0.001
921,2024-12-17 09:36:00,LH,High,69.32,922,2024-12-17 09:41:00,LL,Low,69.12,-0.19999999999998863,-0.0028851702250430877,5.0,0.001
925,2024-12-17 09:55:00,LH,High,69.35,926,2024-12-17 10:03:00,LL,Low,69.16,-0.18999999999999773,-0.002739726027397249,8.0,0.001
929,2024-12-17 10:17:00,LH,High,69.26,930,2024-12-17 10:25:00,LL,Low,69.01,-0.25,-0.003609587063239994,8.0,0.001
933,2024-12-17 10:31:00,LH,High,69.14,934,2024-12-17 10:48:00,LL,Low,68.88,-0.2600000000000051,-0.0037604859704947202,17.0,0.001
935,2024-12-17 10:49:00,LH,High,68.96,936,2024-12-17 10:57:00,LL,Low,68.87,-0.0899999999999892,-0.0013051044083525198,8.0,0.001
947,2024-12-17 13:18:00,LH,High,69.52,948,2024-12-17 13:29:00,LL,Low,69.37,-0.14999999999999147,-0.0021576524741080405,11.0,0.001
957,2024-12-17 21:19:00,LH,High,69.86,958,2024-12-17 23:26:00,LL,Low,69.64,-0.21999999999999886,-0.003149155453764707,127.0,0.001
969,2024-12-18 05:29:00,LH,High,70.28,970,2024-12-18 06:01:00,LL,Low,70.0,-0.28000000000000114,-0.003984063745019917,32.0,0.001
973,2024-12-18 08:30:00,LH,High,70.37,974,2024-12-18 08:39:00,LL,Low,70.19,-0.18000000000000682,-0.002557908199516956,9.0,0.001
975,2024-12-18 08:55:00,LH,High,70.31,976,2024-12-18 09:05:00,LL,Low,70.14,-0.1700000000000017,-0.002417863746266513,10.0,0.001
977,2024-12-18 09:19:00,LH,High,70.24,978,2024-12-18 09:30:00,LL,Low,70.08,-0.1599999999999966,-0.002277904328018221,11.0,0.001
983,2024-12-18 09:50:00,LH,High,70.47,984,2024-12-18 10:00:00,LL,Low,70.21,-0.2600000000000051,-0.0036895132680574427,10.0,0.001
1003,2024-12-18 14:13:00,LH,High,70.22,1004,2024-12-18 14:22:00,LL,Low,70.09,-0.12999999999999545,-0.0018513244090002656,9.0,0.001
1005,2024-12-18 14:25:00,LH,High,70.17,1006,2024-12-18 14:30:00,LL,Low,69.95,-0.21999999999999886,-0.0031352429813310545,5.0,0.001
1007,2024-12-18 14:32:00,LH,High,70.06,1008,2024-12-18 15:13:00,LL,Low,69.58,-0.480000000000004,-0.0068512703397088925,41.0,0.001
1009,2024-12-18 15:18:00,LH,High,69.68,1010,2024-12-18 15:47:00,LL,Low,69.41,-0.27000000000001023,-0.0038748564867969737,29.0,0.001
1023,2024-12-18 20:51:00,LH,High,69.66,1024,2024-12-18 21:29:00,LL,Low,69.44,-0.21999999999999886,-0.0031581969566465418,38.0,0.001
1031,2024-12-19 02:59:00,LH,High,69.56,1032,2024-12-19 03:15:00,LL,Low,69.3,-0.2600000000000051,-0.0037377803335251203,16.0,0.001
1047,2024-12-19 07:13:00,LH,High,69.88,1048,2024-12-19 07:20:00,LL,Low,69.69,-0.18999999999999773,-0.002718946765884356,7.0,0.001
1055,2024-12-19 09:20:00,LH,High,70.53,1056,2024-12-19 09:30:00,LL,Low,70.35,-0.18000000000000682,-0.00255210548702689,10.0,0.001
1057,2024-12-19 09:36:00,LH,High,70.51,1058,2024-12-19 09:45:00,LL,Low,70.27,-0.2400000000000091,-0.003403772514537051,9.0,0.001
1059,2024-12-19 09:51:00,LH,High,70.41,1060,2024-12-19 09:55:00,LL,Low,70.26,-0.14999999999999147,-0.0021303792074988115,4.0,0.001
1061,2024-12-19 10:00:00,LH,High,70.34,1062,2024-12-19 10:16:00,LL,Low,69.91,-0.4300000000000068,-0.006113164628945178,16.0,0.001
1069,2024-12-19 10:37:00,LH,High,69.9,1070,2024-12-19 10:48:00,LL,Low,69.75,-0.15000000000000568,-0.0021459227467811592,11.0,0.001
1071,2024-12-19 10:54:00,LH,High,69.89,1072,2024-12-19 11:01:00,LL,Low,69.63,-0.2600000000000051,-0.0037201316354271707,7.0,0.001
1073,2024-12-19 11:09:00,LH,High,69.77,1074,2024-12-19 11:13:00,LL,Low,69.53,-0.23999999999999488,-0.003439873871291299,4.0,0.001
1075,2024-12-19 11:16:00,LH,High,69.61,1076,2024-12-19 11:18:00,LL,Low,69.39,-0.21999999999999886,-0.003160465450366301,2.0,0.001
1085,2024-12-19 12:17:00,LH,High,69.43,1086,2024-12-19 12:24:00,LL,Low,69.27,-0.1600000000000108,-0.0023044793317011925,7.0,0.001
1087,2024-12-19 12:36:00,LH,High,69.41,1088,2024-12-19 12:46:00,LL,Low,69.23,-0.1799999999999926,-0.0025932862699897807,10.0,0.001
1095,2024-12-19 13:55:00,LH,High,69.47,1096,2024-12-19 14:13:00,LL,Low,69.21,-0.2600000000000051,-0.0037426227148410485,18.0,0.001
1097,2024-12-19 14:28:00,LH,High,69.4,1098,2024-12-19 15:12:00,LL,Low,69.16,-0.2400000000000091,-0.0034582132564843215,44.0,0.001
1099,2024-12-19 15:16:00,LH,High,69.25,1100,2024-12-19 15:37:00,LL,Low,69.12,-0.12999999999999545,-0.0018772563176894241,21.0,0.001
1101,2024-12-19 15:46:00,LH,High,69.19,1102,2024-12-19 16:00:00,LL,Low,69.1,-0.09000000000000341,-0.0013007660066484128,14.0,0.001
1107,2024-12-19 21:00:00,LH,High,69.11,1108,2024-12-19 22:04:00,LL,Low,68.93,-0.1799999999999926,-0.002604543481406374,64.0,0.001
1109,2024-12-19 22:26:00,LH,High,69.06,1110,2024-12-19 22:56:00,LL,Low,68.9,-0.1599999999999966,-0.002316825948450618,30.0,0.001
1117,2024-12-20 02:27:00,LH,High,69.09,1118,2024-12-20 03:00:00,LL,Low,68.89,-0.20000000000000284,-0.0028947749312491222,33.0,0.001
1123,2024-12-20 04:08:00,LH,High,68.85,1124,2024-12-20 04:35:00,LL,Low,68.67,-0.1799999999999926,-0.0026143790849672,27.0,0.001
1125,2024-12-20 04:52:00,LH,High,68.81,1126,2024-12-20 05:02:00,LL,Low,68.63,-0.18000000000000682,-0.002615898851911158,10.0,0.001
1127,2024-12-20 05:10:00,LH,High,68.71,1128,2024-12-20 05:30:00,LL,Low,68.58,-0.12999999999999545,-0.0018920098966670462,20.0,0.001
1131,2024-12-20 05:48:00,LH,High,68.72,1132,2024-12-20 06:03:00,LL,Low,68.58,-0.14000000000000057,-0.0020372526193248586,15.0,0.001
1133,2024-12-20 06:16:00,LH,High,68.65,1134,2024-12-20 06:57:00,LL,Low,68.48,-0.1700000000000017,-0.0024763292061180664,41.0,0.001
1139,2024-12-20 09:06:00,LH,High,69.05,1140,2024-12-20 09:38:00,LL,Low,68.56,-0.4899999999999949,-0.007096307023895632,32.0,0.001
1141,2024-12-20 09:41:00,LH,High,68.76,1142,2024-12-20 09:48:00,LL,Low,68.47,-0.29000000000000625,-0.004217568353694134,7.0,0.001
1163,2024-12-20 14:17:00,LH,High,69.55,1164,2024-12-20 14:36:00,LL,Low,69.38,-0.1700000000000017,-0.002444284687275311,19.0,0.001
1177,2024-12-22 23:15:00,LH,High,69.9,1178,2024-12-23 01:11:00,LL,Low,69.72,-0.18000000000000682,-0.0025751072961374133,116.0,0.001
1183,2024-12-23 03:11:00,LH,High,69.79,1184,2024-12-23 03:32:00,LL,Low,69.57,-0.22000000000001307,-0.0031523140851126286,21.0,0.001
1189,2024-12-23 03:57:00,LH,High,69.8,1190,2024-12-23 04:04:00,LL,Low,69.68,-0.11999999999999034,-0.0017191977077362086,7.0,0.001
1195,2024-12-23 05:14:00,LH,High,69.54,1196,2024-12-23 05:48:00,LL,Low,69.21,-0.3300000000000125,-0.004745470232959681,34.0,0.001
1197,2024-12-23 05:51:00,LH,High,69.29,1198,2024-12-23 06:03:00,LL,Low,69.18,-0.10999999999999943,-0.0015875306682060497,12.0,0.001
1205,2024-12-23 08:23:00,LH,High,69.23,1206,2024-12-23 08:43:00,LL,Low,69.03,-0.20000000000000284,-0.002888920988010968,20.0,0.001
1217,2024-12-23 09:51:00,LH,High,69.18,1218,2024-12-23 09:52:00,LL,Low,69.08,-0.10000000000000853,-0.0014455044810640638,1.0,0.001
1221,2024-12-23 10:01:00,LH,High,69.15,1222,2024-12-23 10:11:00,LL,Low,68.9,-0.25,-0.003615328994938549,10.0,0.001
1223,2024-12-23 10:22:00,LH,High,69.02,1224,2024-12-23 10:37:00,LL,Low,68.81,-0.20999999999999375,-0.0030425963488842633,15.0,0.001
1225,2024-12-23 10:38:00,LH,High,68.91,1226,2024-12-23 10:59:00,LL,Low,68.67,-0.23999999999999488,-0.003482803656943756,21.0,0.001
1229,2024-12-23 11:36:00,LH,High,68.79,1230,2024-12-23 11:50:00,LL,Low,68.61,-0.18000000000000682,-0.002616659398168464,14.0,0.001
1249,2024-12-23 22:21:00,LH,High,69.5,1250,2024-12-23 23:03:00,LL,Low,69.37,-0.12999999999999545,-0.0018705035971222639,42.0,0.001
1259,2024-12-24 03:35:00,LH,High,69.75,1260,2024-12-24 03:40:00,LL,Low,69.63,-0.12000000000000455,-0.0017204301075269823,5.0,0.001
1267,2024-12-24 06:41:00,LH,High,69.94,1268,2024-12-24 07:09:00,LL,Low,69.51,-0.4299999999999926,-0.006148126965970779,28.0,0.001
1273,2024-12-24 07:59:00,LH,High,69.81,1274,2024-12-24 08:16:00,LL,Low,69.65,-0.1599999999999966,-0.0022919352528291137,17.0,0.001
1281,2024-12-24 09:09:00,LH,High,70.25,1282,2024-12-24 09:14:00,LL,Low,70.09,-0.1599999999999966,-0.00227758007117429,5.0,0.001
1283,2024-12-24 09:18:00,LH,High,70.2,1284,2024-12-24 09:37:00,LL,Low,69.93,-0.269999999999996,-0.0038461538461538325,19.0,0.001
1293,2024-12-24 12:24:00,LH,High,70.22,1294,2024-12-24 13:03:00,LL,Low,69.98,-0.23999999999999488,-0.003417829678154294,39.0,0.001
1295,2024-12-24 13:07:00,LH,High,70.08,1296,2024-12-24 13:25:00,LL,Low,69.94,-0.14000000000000057,-0.001997716894977186,18.0,0.001
1319,2024-12-26 09:51:00,LH,High,70.65,1320,2024-12-26 09:59:00,LL,Low,70.38,-0.27000000000001023,-0.003821656050955524,8.0,0.001
1321,2024-12-26 10:00:00,LH,High,70.46,1322,2024-12-26 10:16:00,LL,Low,70.13,-0.3299999999999983,-0.004683508373545253,16.0,0.001
1325,2024-12-26 10:23:00,LH,High,70.23,1326,2024-12-26 10:43:00,LL,Low,70.02,-0.21000000000000796,-0.0029901751388297093,20.0,0.001
1329,2024-12-26 11:20:00,LH,High,70.2,1330,2024-12-26 11:29:00,LL,Low,70.02,-0.18000000000000682,-0.002564102564102666,9.0,0.001
1331,2024-12-26 11:37:00,LH,High,70.12,1332,2024-12-26 11:47:00,LL,Low,69.89,-0.23000000000000398,-0.0032800912721050457,10.0,0.001
1333,2024-12-26 12:00:00,LH,High,70.03,1334,2024-12-26 12:30:00,LL,Low,69.82,-0.21000000000000796,-0.002998714836498717,30.0,0.001
1335,2024-12-26 13:00:00,LH,High,69.93,1336,2024-12-26 13:29:00,LL,Low,69.67,-0.2600000000000051,-0.003718003718003793,29.0,0.001
1337,2024-12-26 13:38:00,LH,High,69.91,1338,2024-12-26 14:23:00,LL,Low,69.41,-0.5,-0.0071520526391074535,45.0,0.001
1349,2024-12-26 22:14:00,LH,High,69.65,1350,2024-12-26 22:37:00,LL,Low,69.57,-0.0800000000000125,-0.001148600143575207,23.0,0.001
1353,2024-12-27 00:50:00,LH,High,69.66,1354,2024-12-27 01:35:00,LL,Low,69.51,-0.14999999999999147,-0.0021533161068043594,45.0,0.001
1363,2024-12-27 03:57:00,LH,High,69.86,1364,2024-12-27 04:16:00,LL,Low,69.66,-0.20000000000000284,-0.0028628685943316023,19.0,0.001
1375,2024-12-27 06:52:00,LH,High,70.25,1376,2024-12-27 06:56:00,LL,Low,70.12,-0.12999999999999545,-0.001850533807829069,4.0,0.001
1381,2024-12-27 08:04:00,LH,High,70.28,1382,2024-12-27 08:09:00,LL,Low,70.17,-0.10999999999999943,-0.0015651678998293006,5.0,0.001
1409,2024-12-27 14:34:00,LH,High,70.58,1410,2024-12-27 15:46:00,LL,Low,70.16,-0.4200000000000017,-0.005950694247662258,72.0,0.001
1417,2024-12-30 00:19:00,LH,High,70.72,1418,2024-12-30 02:29:00,LL,Low,70.49,-0.23000000000000398,-0.0032522624434390135,130.0,0.001
1423,2024-12-30 03:30:00,LH,High,70.57,1424,2024-12-30 03:44:00,LL,Low,70.29,-0.2799999999999869,-0.003967691653677052,14.0,0.001
1425,2024-12-30 03:51:00,LH,High,70.38,1426,2024-12-30 03:57:00,LL,Low,70.21,-0.1700000000000017,-0.0024154589371980784,6.0,0.001
1429,2024-12-30 04:50:00,LH,High,70.62,1430,2024-12-30 05:12:00,LL,Low,70.32,-0.30000000000001137,-0.004248088360238045,22.0,0.001
1431,2024-12-30 05:26:00,LH,High,70.41,1432,2024-12-30 05:28:00,LL,Low,70.31,-0.09999999999999432,-0.0014202528049992447,2.0,0.001
1445,2024-12-30 09:36:00,LH,High,71.24,1446,2024-12-30 09:43:00,LL,Low,71.12,-0.11999999999999034,-0.0016844469399212025,7.0,0.001
1485,2024-12-31 04:44:00,LH,High,71.47,1486,2024-12-31 05:04:00,LL,Low,71.36,-0.10999999999999943,-0.0015391073177556391,20.0,0.001
1495,2024-12-31 07:35:00,LH,High,71.29,1496,2024-12-31 08:12:00,LL,Low,70.89,-0.4000000000000057,-0.005610885117127262,37.0,0.001
1505,2024-12-31 09:43:00,LH,High,71.52,1506,2024-12-31 09:51:00,LL,Low,71.3,-0.21999999999999886,-0.0030760626398209645,8.0,0.001
1511,2024-12-31 10:30:00,LH,High,71.64,1512,2024-12-31 10:34:00,LL,Low,71.52,-0.12000000000000455,-0.0016750418760469454,4.0,0.001
